player_id,last_season,market_value_in_eur,current_club_id,player_club_domestic_competition_id
3132,2013,400000,126,TR1
6893,2012,900000,984,GB1
10,2015,7000000,398,IT1
26,2017,1500000,16,L1
65,2015,8000000,1091,GR1
77,2012,13000000,506,IT1
80,2017,400000,27,L1
109,2012,9500000,825,TR1
123,2012,9500000,33,L1
132,2015,13000000,11,GB1
162,2012,1250000,79,L1
215,2015,7500000,1084,ES1
264,2012,250000,79,L1
276,2013,250000,20100,DK1
277,2013,1250000,3368,ES1
299,2012,9000000,10484,TR1
325,2012,8000000,141,TR1
332,2012,250000,24,L1
410,2014,5000000,16,L1
411,2013,2000000,44,L1
447,2012,700000,24,L1
488,2016,1000000,2288,GB1
532,2019,9500000,86,L1
557,2012,3000000,167,L1
568,2015,2000000,18,L1
597,2016,7500000,2696,RU1
598,2014,7500000,24,L1
643,2012,500000,86,L1
670,2012,4000000,714,ES1
690,2012,6000000,39,L1
691,2014,300000,15,L1
735,2013,1250000,1210,IT1
755,2013,1750000,589,TR1
773,2012,3500000,14171,FR1
823,2013,3500000,4,L1
831,2012,350000,1506,TR1
837,2014,2500000,18,L1
886,2012,250000,38,L1
892,2013,500000,39,L1
933,2015,500000,2293,TR1
992,2012,450000,38,L1
1073,2013,1200000,16,L1
1075,2013,3000000,121,RU1
1083,2013,1500000,128,GR1
1094,2013,1800000,4,L1
1095,2013,2000000,44,L1
1116,2012,700000,65,L1
1122,2013,350000,41,L1
1126,2017,500000,3,L1
1139,2014,500000,39,L1
1144,2017,250000,18,L1
1150,2013,1000000,4,L1
1161,2013,11000000,46,IT1
1197,2012,250000,678,DK1
1257,2019,350000,127,L1
1277,2016,750000,86,L1
1321,2013,1500000,33,L1
1323,2012,150000,24,L1
1327,2016,4000000,1159,FR1
1331,2015,8000000,533,L1
1335,2013,1000000,42,L1
1363,2015,100000,33,L1
1368,2015,500000,1519,SC1
1381,2013,1800000,44,L1
1397,2012,30000000,512,GB1
1423,2015,1000000,855,FR1
1426,2013,1500000,79,L1
1428,2013,900000,60,L1
1443,2014,5000000,190,DK1
1474,2013,3500000,533,L1
1496,2012,120000,24,L1
1532,2012,8000000,28643,BE1
1560,2012,225000,306,NL1
1565,2017,850000,24,L1
1568,2012,400000,38,L1
1572,2013,1000000,162,FR1
1573,2012,4500000,29,GB1
1586,2015,800000,42,L1
1587,2012,1000000,42,L1
1606,2012,150000,2414,DK1
1613,2013,200000,855,FR1
1659,2013,500000,23,L1
1662,2018,1000000,33,L1
1667,2019,200000,162,FR1
1684,2012,200000,65,L1
1716,2012,1500000,6996,UKR1
1725,2014,500000,173,DK1
1726,2016,400000,610,NL1
1743,2015,50000,105,L1
1772,2012,500000,38,L1
1784,2018,200000,39,L1
1791,2016,1000000,167,L1
1792,2016,2500000,105,L1
1841,2012,250000,10484,TR1
1896,2015,50000,19771,TR1
1944,2013,250000,23,L1
1986,2016,1500000,167,L1
2048,2012,50000,403,NL1
2050,2014,2000000,24,L1
2138,2017,50000,40426,RU1
2148,2016,200000,2944,TR1
2150,2014,300000,16,L1
2201,2014,50000,127,L1
2219,2016,4500000,27,L1
2233,2013,500000,3368,ES1
2306,2014,50000,42,L1
2309,2012,500000,121,RU1
2334,2014,75000,44,L1
2358,2014,200000,82,L1
2374,2012,700000,16,L1
2386,2013,50000,23,L1
2421,2019,500000,38,L1
2453,2014,150000,127,L1
2514,2016,3250000,985,GB1
2583,2016,300000,2760,SC1
2587,2016,500000,524,TR1
2623,2015,800000,167,L1
2703,2013,1000000,173,DK1
2712,2012,1000000,38,L1
2726,2013,75000,2990,PO1
2767,2014,850000,24,L1
2805,2014,500000,42,L1
2857,2022,100000,29,GB1
2865,2019,1250000,167,L1
2874,2015,2750000,265,GR1
2878,2012,200000,750,FR1
2899,2012,2000000,2292,TR1
2904,2015,13000000,276,IT1
2923,2014,3000000,3368,ES1
2926,2015,500000,105,L1
2950,2014,150000,42,L1
2953,2012,1000000,41,L1
2956,2013,2000000,68608,PO1
2963,2016,5000000,714,ES1
2998,2017,2250000,1003,GB1
2999,2013,750000,2578,SC1
3059,2013,750000,524,TR1
3098,2014,7250000,190,DK1
3109,2014,17000000,31,GB1
3114,2014,550000,42,L1
3115,2013,2500000,40,FR1
3118,2012,16000000,1039,GB1
3120,2015,5750000,281,GB1
3130,2012,5500000,289,GB1
3131,2013,7500000,873,GB1
3132,2013,2000000,126,TR1
3139,2012,40000000,583,FR1
3146,2016,6000000,512,GB1
3151,2012,4000000,148,GB1
3156,2012,7000000,148,GB1
3159,2018,250000,130,IT1
3160,2016,10000000,631,GB1
3163,2014,19500000,281,GB1
3165,2012,3000000,141,TR1
3170,2014,1000000,1304,NL1
3172,2012,3000000,940,ES1
3176,2013,8500000,2282,BE1
3179,2015,4500000,371,SC1
3182,2015,8000000,12,IT1
3190,2017,1000000,180,GB1
3195,2013,3500000,512,GB1
3201,2015,2000000,265,GR1
3205,2012,1000000,148,GB1
3216,2013,16000000,589,TR1
3220,2013,15000000,931,GB1
3226,2013,15000000,984,GB1
3233,2012,1000000,533,L1
3235,2014,25000000,1039,GB1
3251,2012,5000000,370,SC1
3256,2016,150000,15,L1
3259,2013,15000000,931,GB1
3266,2016,1000000,1158,FR1
3269,2013,500000,370,SC1
3270,2013,9000000,36,TR1
3271,2012,5000000,1039,GB1
3273,2014,4000000,1003,GB1
3276,2014,6000000,873,GB1
3287,2014,200000,2578,SC1
3291,2017,3500000,984,GB1
3292,2016,750000,1132,GB1
3296,2015,9500000,1003,GB1
3297,2013,12000000,603,GB1
3306,2018,100000,1132,GB1
3310,2013,700000,370,SC1
3321,2016,500000,3725,RU1
3322,2012,150000,903,SC1
3333,2022,7500000,31,GB1
3354,2014,3000000,2282,BE1
3356,2015,6500000,989,GB1
3357,2015,5000000,1003,GB1
3366,2013,26000000,5,IT1
3391,2017,500000,10484,TR1
3395,2014,2800000,132,NL1
3397,2012,25000000,985,GB1
3404,2012,5500000,29,GB1
3405,2015,5000000,289,GB1
3406,2013,25000000,985,GB1
3411,2012,25000000,294,PO1
3413,2013,8000000,2292,TR1
3417,2017,5000000,416,IT1
3428,2012,22000000,46,IT1
3441,2017,5000000,2282,BE1
3447,2012,500000,2778,DK1
3455,2022,22000000,5,IT1
3458,2015,6000000,19771,TR1
3461,2012,8000000,1039,GB1
3466,2021,1500000,1053,DK1
3467,2014,2250000,1039,GB1
3473,2014,6000000,512,GB1
3476,2014,2000000,148,GB1
3480,2012,7000000,1075,PO1
3495,2012,2000000,237,ES1
3507,2015,3000000,5,IT1
3515,2012,8500000,383,NL1
3525,2016,5000000,273,FR1
3530,2013,3000000,82,L1
3531,2012,2250000,6890,TR1
3534,2013,2500000,683,GR1
3535,2012,2000000,331,ES1
3539,2017,1500000,265,GR1
3540,2016,4500000,289,GB1
3547,2017,2500000,512,GB1
3548,2015,500000,405,GB1
3560,2014,250000,873,GB1
3562,2015,3000000,289,GB1
3564,2015,100000,370,SC1
3569,2016,7500000,1162,FR1
3573,2012,3500000,114,TR1
3575,2013,8500000,595,FR1
3580,2018,3500000,43,SC1
3583,2012,2000000,511,SC1
3589,2012,2000000,370,SC1
3597,2012,6000000,31,GB1
3613,2012,100000,903,SC1
3614,2015,350000,29,GB1
3620,2015,500000,29,GB1
3630,2016,7500000,1132,GB1
3634,2012,3500000,1032,GB1
3640,2013,200000,603,GB1
3666,2012,3500000,1032,GB1
3668,2015,100000,1010,GB1
3682,2012,7000000,281,GB1
3692,2014,1500000,379,GB1
3698,2018,350000,465,SC1
3707,2012,8500000,3911,FR1
3713,2016,6500000,749,IT1
3719,2012,1500000,43,SC1
3730,2014,4000000,232,RU1
3753,2014,250000,6418,GR1
3755,2013,1500000,289,GB1
3762,2013,500000,603,GB1
3771,2015,1500000,2079,GR1
3775,2013,350000,379,GB1
3783,2012,100000,465,SC1
3785,2013,18000000,931,GB1
3788,2013,1000000,512,GB1
3791,2012,1500000,1071,GB1
3804,2013,250000,1123,GB1
3807,2014,3500000,1039,GB1
3816,2012,225000,42,L1
3817,2013,400000,39,L1
3824,2017,500000,2553,SC1
3825,2016,250000,2759,SC1
3838,2017,150000,984,GB1
3851,2018,300000,167,L1
3869,2018,500000,511,SC1
3875,2021,7500000,124,SC1
3876,2015,9000000,405,GB1
3878,2017,6000000,985,GB1
3881,2017,8500000,512,GB1
3890,2013,2000000,1147,FR1
3900,2015,3250000,6418,GR1
3901,2013,7500000,750,FR1
3913,2012,2000000,750,FR1
3914,2012,3500000,2292,TR1
3916,2012,11250000,583,FR1
3924,2014,30000000,631,GB1
3926,2012,2500000,7185,GR1
3942,2014,75000,24,L1
3947,2012,1500000,1177,DK1
3950,2015,3000000,379,GB1
3966,2014,20000000,595,FR1
3975,2014,50000,1506,TR1
3978,2012,5000000,6996,UKR1
3979,2018,16000000,720,PO1
3989,2013,10000000,932,RU1
3995,2015,200000,1123,GB1
4015,2012,18000000,398,IT1
4018,2019,250000,167,L1
4042,2017,100000,234,NL1
4055,2017,50000,1132,GB1
4056,2012,4000000,931,GB1
4058,2012,50000,180,GB1
4063,2016,100000,641,GB1
4070,2013,1000000,984,GB1
4072,2018,3250000,1132,GB1
4075,2013,100000,2292,TR1
4086,2013,1750000,441,GR1
4094,2012,100000,180,GB1
4095,2018,100000,2999,SC1
4111,2013,200000,2288,GB1
4112,2012,5500000,512,GB1
4115,2014,250000,984,GB1
4133,2012,100000,1519,SC1
4158,2013,2500000,132,NL1
4188,2021,7500000,2420,PO1
4190,2018,50000,603,GB1
4192,2018,12000000,3426,DK1
4205,2014,3500000,1039,GB1
4208,2014,500000,167,L1
4216,2015,500000,1519,SC1
4217,2016,750000,3060,GR1
4219,2013,400000,1123,GB1
4241,2016,1000000,2441,GR1
4248,2015,10000000,36,TR1
4251,2013,1250000,2578,SC1
4257,2017,24000000,2293,TR1
4267,2015,3750000,29,GB1
4276,2014,15000000,506,IT1
4277,2016,1750000,124,SC1
4310,2017,2000000,12,IT1
4311,2022,2500000,610,NL1
4315,2015,1500000,610,NL1
4316,2013,3500000,678,DK1
4317,2016,8000000,583,FR1
4321,2016,5000000,289,GB1
4323,2018,1500000,1096,BE1
4327,2012,1500000,235,NL1
4334,2014,700000,132,NL1
4337,2012,1750000,1053,DK1
4338,2012,2500000,383,NL1
4344,2013,700000,235,NL1
4349,2012,1000000,235,NL1
4351,2012,2000000,5724,DK1
4357,2020,3000000,610,NL1
4359,2012,1500000,192,NL1
4360,2020,18000000,202,NL1
4361,2013,3500000,235,NL1
4371,2012,1000000,142,ES1
4377,2018,5500000,3508,BE1
4380,2018,5000000,234,NL1
4383,2015,3500000,206,DK1
4384,2015,250000,2727,BE1
4391,2022,1300000,383,NL1
4403,2014,2000000,5817,DK1
4408,2012,450000,1268,NL1
4410,2012,1500000,1426,NL1
4415,2014,1750000,403,NL1
4424,2012,1500000,403,NL1
4425,2012,1500000,499,NL1
4429,2013,2000000,1304,NL1
4451,2014,2200000,317,NL1
4452,2018,75000,132,NL1
4456,2012,900000,1269,NL1
4471,2013,200000,133,NL1
4487,2012,500000,467,NL1
4489,2014,1750000,234,NL1
4513,2013,2500000,467,NL1
4517,2016,650000,467,NL1
4519,2012,800000,192,NL1
4520,2013,350000,317,NL1
4531,2013,600000,192,NL1
4533,2018,400000,798,NL1
4538,2018,100000,132,NL1
4563,2014,750000,234,NL1
4570,2012,5000000,317,NL1
4573,2012,300000,1426,NL1
4582,2013,500000,317,NL1
4592,2012,4000000,1039,GB1
4605,2014,600000,2282,BE1
4607,2016,450000,192,NL1
4624,2017,100000,317,NL1
4634,2018,200000,499,NL1
4638,2014,750000,1269,NL1
4669,2012,200000,403,NL1
4672,2017,3000000,39,L1
4673,2017,10000000,417,FR1
4676,2013,1500000,200,NL1
4687,2017,150000,41,L1
4691,2016,450000,105,L1
4693,2012,100000,132,NL1
4698,2018,600000,306,NL1
4740,2013,8500000,27,L1
4742,2022,250000,2715,BE1
4746,2015,100000,15,L1
4750,2018,1250000,1241,SC1
4755,2012,750000,1519,SC1
4763,2014,50000,5817,DK1
4793,2012,300000,458,IT1
4796,2017,600000,667,FR1
4811,2020,3000000,969,FR1
4829,2012,2500000,5817,DK1
4873,2012,750000,1506,TR1
5017,2020,50000,86,L1
5072,2019,50000,3,L1
5169,2015,11000000,2425,PO1
5278,2016,3000000,31,GB1
5281,2013,2000000,162,FR1
5283,2014,8000000,683,GR1
5285,2017,7500000,244,FR1
5286,2014,1500000,14171,FR1
5293,2016,5000000,595,FR1
5299,2012,15000000,1158,FR1
5300,2012,15000000,595,FR1
5303,2019,3000000,969,FR1
5308,2017,300000,141,TR1
5309,2012,750000,1159,FR1
5315,2014,2500000,653,GR1
5338,2017,1000000,1162,FR1
5339,2015,7000000,3558,FR1
5345,2016,400000,1159,FR1
5348,2019,2500000,2969,FR1
5352,2013,3500000,931,GB1
5357,2012,7000000,14171,FR1
5376,2012,6000000,417,FR1
5393,2012,2000000,1095,FR1
5399,2012,50000,3911,FR1
5404,2019,2500000,336,PO1
5406,2016,6000000,1159,FR1
5418,2012,8500000,265,GR1
5422,2015,12500000,5,IT1
5430,2015,750000,855,FR1
5431,2016,850000,415,FR1
5438,2013,6500000,2672,GR1
5439,2013,600000,128,GR1
5444,2012,500000,583,FR1
5451,2016,1250000,1162,FR1
5452,2012,150000,2696,RU1
5461,2014,4500000,347,FR1
5469,2013,250000,162,FR1
5470,2016,1500000,524,TR1
5474,2014,1000000,583,FR1
5477,2016,350000,244,FR1
5486,2015,2000000,12,IT1
5495,2014,3500000,2381,TR1
5501,2012,1000000,458,IT1
5507,2013,10000000,800,IT1
5509,2013,7000000,465,SC1
5513,2017,500000,40,FR1
5516,2013,500000,6418,GR1
5518,2013,2500000,653,GR1
5521,2015,2000000,3558,FR1
5539,2012,1800000,969,FR1
5543,2017,750000,2969,FR1
5544,2015,750000,995,FR1
5562,2012,2000000,1465,PO1
5566,2014,700000,347,FR1
5574,2017,2500000,403,NL1
5576,2014,350000,1158,FR1
5578,2022,600000,1421,FR1
5586,2013,300000,21957,GR1
5588,2015,12000000,265,GR1
5592,2012,2000000,969,FR1
5597,2017,600000,1095,FR1
5614,2013,2750000,750,FR1
5622,2015,1750000,1095,FR1
5627,2013,1700000,14171,FR1
5635,2013,2000000,40,FR1
5636,2013,600000,200,NL1
5639,2014,50000,1162,FR1
5645,2014,750000,244,FR1
5648,2016,3500000,589,TR1
5652,2012,50000,984,GB1
5658,2018,14000000,11,GB1
5664,2012,1500000,1158,FR1
5667,2013,50000,1506,TR1
5668,2014,4000000,289,GB1
5672,2018,3000000,855,FR1
5676,2014,2500000,14171,FR1
5680,2013,2500000,595,FR1
5686,2017,150000,969,FR1
5687,2015,600000,2727,BE1
5688,2012,50000,128,GR1
5698,2014,3000000,14171,FR1
5755,2018,1200000,416,IT1
5768,2013,8000000,430,IT1
5782,2019,12000000,36,TR1
5793,2015,3000000,410,IT1
5794,2012,10000000,3368,ES1
5812,2012,3000000,398,IT1
5817,2014,20000000,506,IT1
5818,2013,8000000,430,IT1
5825,2017,3000000,1390,IT1
5853,2013,150000,1210,IT1
5854,2014,14000000,20,TR1
5856,2018,11000000,1050,ES1
5858,2017,5000000,6574,IT1
5868,2018,10000000,749,IT1
5870,2017,6000000,2999,SC1
5873,2015,10000000,1038,IT1
5878,2016,20000000,2921,IT1
5879,2013,15000000,1147,FR1
5880,2016,1500000,162,FR1
5881,2013,200000,172,BE1
5889,2014,5000000,6574,IT1
5890,2013,500000,1627,IT1
5892,2013,7000000,678,DK1
5893,2015,750000,410,IT1
5896,2014,3000000,430,IT1
5904,2012,1500000,506,IT1
5908,2014,2500000,430,IT1
5917,2012,1000000,273,FR1
5922,2012,10000000,12,IT1
5925,2013,5000000,1627,IT1
5928,2018,1500000,862,IT1
5936,2012,8000000,2921,IT1
5938,2013,25000000,46,IT1
5942,2013,7000000,415,FR1
5946,2016,750000,2921,IT1
5947,2018,14000000,12,IT1
5948,2012,1200000,252,IT1
5957,2017,3000000,472,ES1
5958,2016,35000000,12,IT1
5962,2016,25000000,1038,IT1
5966,2014,2000000,42,L1
5967,2013,850000,4750,PO1
5970,2017,3500000,862,IT1
5974,2015,1000000,276,IT1
5976,2014,150000,862,IT1
5980,2015,15000000,276,IT1
5986,2017,300000,276,IT1
5993,2015,8000000,4102,IT1
6012,2014,350000,1429,IT1
6020,2014,50000,749,IT1
6026,2012,5000000,46,IT1
6031,2015,6000000,410,IT1
6033,2016,50000,410,IT1
6043,2015,750000,398,IT1
6046,2013,1800000,252,IT1
6053,2012,350000,825,TR1
6058,2015,250000,416,IT1
6065,2013,3500000,3691,RU1
6073,2013,500000,653,GR1
6075,2012,250000,1387,IT1
6076,2012,400000,862,IT1
6087,2014,4000000,128,GR1
6090,2012,6000000,2921,IT1
6097,2012,15000000,458,IT1
6106,2013,8000000,931,GB1
6107,2013,1000000,3008,GB1
6118,2012,2000000,114,TR1
6119,2014,1200000,3368,ES1
6131,2013,75000,79,L1
6150,2015,8000000,762,GB1
6157,2012,6000000,1387,IT1
6160,2016,2500000,800,IT1
6176,2012,1750000,1083,RU1
6233,2012,7000000,862,IT1
6234,2015,4000000,416,IT1
6237,2017,150000,15,L1
6251,2013,500000,441,GR1
6267,2013,2000000,995,FR1
6270,2020,50000,244,FR1
6274,2013,50000,855,FR1
6278,2012,250000,1147,FR1
6287,2013,150000,23,L1
6288,2018,250000,79,L1
6301,2013,140000,169,GR1
6320,2012,4000000,1083,RU1
6322,2014,100000,3,L1
6400,2012,1000000,403,NL1
6403,2015,300000,1304,NL1
6404,2018,150000,371,SC1
6427,2013,5000000,276,IT1
6438,2016,250000,265,GR1
6442,2021,50000,430,IT1
6448,2013,5000000,506,IT1
6457,2012,50000,38,L1
6585,2014,2000000,3368,ES1
6590,2015,3500000,10484,TR1
6636,2020,75000,1003,GB1
6645,2014,1000000,33,L1
6666,2018,75000,498,BE1
6710,2017,1500000,11,GB1
6717,2012,1000000,2921,IT1
6721,2014,4000000,252,IT1
6722,2012,1500000,130,IT1
6750,2015,350000,410,IT1
6764,2017,2000000,1426,NL1
6791,2015,75000,533,L1
6792,2014,200000,252,IT1
6793,2016,750000,1038,IT1
6803,2017,100000,244,FR1
6807,2020,50000,12,IT1
6824,2012,150000,2414,DK1
6832,2012,6000000,2921,IT1
6838,2015,150000,3709,ES1
6852,2012,250000,142,ES1
6853,2016,50000,1304,NL1
6855,2014,1200000,984,GB1
6860,2012,1250000,2292,TR1
6861,2015,1500000,3508,BE1
6866,2012,1250000,6890,TR1
6871,2017,8000000,2698,RU1
6873,2015,1000000,3216,TR1
6893,2012,1750000,984,GB1
6910,2012,1000000,3216,TR1
6911,2014,1500000,141,TR1
6912,2013,1000000,2293,TR1
6915,2012,1250000,19771,TR1
6917,2012,750000,3216,TR1
6931,2017,350000,1090,NL1
6934,2013,9000000,20,TR1
6949,2014,2750000,6894,TR1
6968,2014,50000,10484,TR1
6970,2014,2500000,172,BE1
6980,2015,200000,855,FR1
6986,2017,350000,855,FR1
6994,2015,50000,2381,TR1
7023,2013,200000,524,TR1
7025,2017,3000000,1467,TR1
7028,2016,3500000,968,BE1
7041,2015,2000000,3216,TR1
7043,2015,1000000,6890,TR1
7054,2012,2800000,589,TR1
7063,2012,1500000,6890,TR1
7072,2012,200000,3216,TR1
7079,2018,2500000,36,TR1
7087,2012,190000,2292,TR1
7088,2012,2500000,3216,TR1
7090,2014,1500000,19771,TR1
7093,2021,600000,6574,IT1
7096,2019,75000,19,IT1
7101,2018,100000,8970,IT1
7102,2014,250000,800,IT1
7103,2013,200000,862,IT1
7109,2018,7000000,506,IT1
7110,2013,100000,10484,TR1
7133,2013,1500000,265,GR1
7152,2019,750000,868,TR1
7153,2013,300000,2292,TR1
7194,2012,1250000,3216,TR1
7214,2013,50000,6418,GR1
7215,2017,150000,1506,TR1
7237,2017,4500000,1467,TR1
7253,2016,350000,2293,TR1
7264,2014,3500000,2381,TR1
7288,2018,100000,1269,NL1
7309,2016,50000,524,TR1
7311,2013,200000,524,TR1
7319,2018,1000000,39722,TR1
7326,2013,50000,1304,NL1
7330,2013,3750000,984,GB1
7337,2014,100000,2288,GB1
7345,2015,3000000,3216,TR1
7346,2014,200000,114,TR1
7353,2012,1250000,16795,ES1
7358,2013,250000,4,L1
7373,2014,5500000,410,IT1
7394,2014,50000,20698,TR1
7397,2013,750000,524,TR1
7401,2016,950000,6890,TR1
7402,2012,350000,1506,TR1
7423,2012,1500000,20,TR1
7427,2015,5250000,41,L1
7444,2018,50000,19771,TR1
7445,2015,250000,589,TR1
7448,2013,2200000,204,BE1
7449,2019,400000,6890,TR1
7451,2015,8500000,11,GB1
7468,2012,2500000,3368,ES1
7476,2016,16000000,27,L1
7480,2012,50000,331,ES1
7486,2014,5000000,204,BE1
7492,2015,7000000,897,ES1
7499,2014,6000000,800,IT1
7501,2015,20000000,472,ES1
7512,2018,500000,366,ES1
7519,2012,900000,331,ES1
7520,2016,10000000,683,GR1
7528,2013,4250000,6676,GR1
7537,2013,50000,131,ES1
7542,2015,7500000,3368,ES1
7563,2013,2800000,15,L1
7568,2015,850000,3368,ES1
7572,2012,9000000,897,ES1
7575,2012,3500000,1049,ES1
7589,2016,3500000,641,GB1
7593,2017,1000000,897,ES1
7600,2017,6000000,131,ES1
7602,2017,7500000,583,FR1
7607,2014,8500000,131,ES1
7611,2014,20000000,276,IT1
7612,2013,2250000,13,ES1
7629,2013,300000,7185,GR1
7631,2015,50000,621,ES1
7633,2012,1500000,2698,RU1
7642,2013,50000,6195,IT1
7663,2022,13500000,150,ES1
7668,2020,50000,2687,ES1
7669,2012,500000,142,ES1
7682,2014,8000000,169,GR1
7717,2016,35000000,714,ES1
7723,2012,50000,237,ES1
7737,2013,4250000,128,GR1
7739,2013,1500000,331,ES1
7763,2012,3000000,142,ES1
7767,2017,16500000,13,ES1
7776,2013,3250000,128,GR1
7781,2017,50000,1108,ES1
7782,2016,50000,1084,ES1
7784,2013,3500000,498,BE1
7795,2012,50000,6676,GR1
7797,2017,2750000,410,IT1
7803,2012,5500000,150,ES1
7818,2013,4000000,366,ES1
7821,2013,1500000,605,GR1
7828,2012,50000,3368,ES1
7841,2013,500000,16795,ES1
7844,2012,50000,157,BE1
7858,2012,4000000,631,GB1
7867,2012,400000,897,ES1
7874,2018,50000,12321,ES1
7881,2015,1250000,897,ES1
7899,2012,2500000,367,ES1
7901,2012,3500000,331,ES1
7914,2018,1250000,36,TR1
7922,2018,2500000,714,ES1
7923,2015,1400000,367,ES1
7930,2012,100000,2578,SC1
7945,2014,3000000,3302,ES1
7949,2013,150000,132,NL1
7955,2014,75000,200,NL1
7970,2014,400000,132,NL1
7971,2019,1800000,44,L1
7978,2013,750000,653,GR1
7980,2013,2500000,13,ES1
7983,2015,500000,897,ES1
7985,2013,50000,1531,ES1
7989,2014,1500000,3302,ES1
8006,2018,2000000,1245,BE1
8019,2013,10000000,714,ES1
8060,2018,250000,2381,TR1
8073,2013,50000,449,TR1
8108,2018,50000,5358,ES1
8163,2013,500000,367,ES1
8176,2021,50000,714,ES1
8184,2020,50000,331,ES1
8188,2012,2000000,1039,GB1
8198,2022,18000000,985,GB1
8206,2014,300000,1429,IT1
8207,2012,250000,6195,IT1
8245,2012,250000,204,BE1
8246,2022,50000,533,L1
8317,2016,100000,82,L1
8323,2013,800000,366,ES1
8387,2014,50000,1304,NL1
8421,2015,200000,3426,DK1
8487,2019,100000,589,TR1
8490,2013,250000,126,TR1
8491,2018,200000,589,TR1
8538,2016,12500000,13,ES1
8539,2013,50000,589,TR1
8540,2012,500000,1041,FR1
8548,2017,50000,1506,TR1
8552,2020,1000000,2381,TR1
8559,2015,4750000,3205,TR1
8640,2012,50000,38,L1
8669,2012,400000,9007,UKR1
8680,2013,800000,6894,TR1
8689,2014,50000,6890,TR1
8691,2019,50000,868,TR1
8706,2012,1000000,3216,TR1
8709,2014,450000,820,TR1
8730,2015,50000,6676,GR1
8733,2018,50000,172,BE1
8746,2013,50000,366,ES1
8806,2021,2500000,162,FR1
8883,2019,6000000,3205,TR1
8885,2018,2000000,40,FR1
9091,2013,5000000,430,IT1
9161,2014,50000,2553,SC1
9218,2013,600000,379,GB1
9239,2012,150000,1095,FR1
9335,2022,500000,3329,PO1
9339,2019,50000,2293,TR1
9340,2018,50000,371,SC1
9354,2017,50000,41,L1
9410,2017,500000,1506,TR1
9413,2020,500000,7378,PO1
9422,2022,100000,124,SC1
9493,2012,50000,2759,SC1
9500,2022,750000,903,SC1
9501,2012,3000000,511,SC1
9506,2012,750000,2578,SC1
9508,2016,1000000,3008,GB1
9509,2019,750000,465,SC1
9524,2012,1500000,1519,SC1
9543,2012,750000,65,L1
9586,2013,600000,11127,RU1
9593,2020,3500000,3508,BE1
9594,2019,10000000,58,BE1
9596,2012,1750000,520,BE1
9602,2014,350000,1091,GR1
9604,2014,350000,968,BE1
9616,2014,2000000,465,SC1
9618,2020,50000,2553,SC1
9619,2015,50000,405,GB1
9621,2013,1800000,3205,TR1
9638,2014,1000000,520,BE1
9643,2015,700000,172,BE1
9644,2017,4000000,2410,RU1
9645,2016,6000000,16704,RU1
9646,2016,4500000,932,RU1
9647,2014,1500000,968,BE1
9659,2017,2500000,2861,BE1
9665,2014,800000,520,BE1
9667,2012,350000,566,BE1
9684,2012,2500000,2079,GR1
9688,2013,2000000,660,UKR1
9694,2013,300000,169,GR1
9696,2012,800000,6676,GR1
9697,2014,50000,60,L1
9698,2016,500000,265,GR1
9706,2012,3800000,82,L1
9707,2017,400000,441,GR1
9711,2013,2250000,367,ES1
9737,2012,700000,2671,GR1
9743,2013,1500000,128,GR1
9761,2012,3500000,2671,GR1
9775,2016,2000000,338,UKR1
9779,2013,500000,9007,UKR1
9786,2015,2000000,4128,RU1
9794,2017,500000,338,UKR1
9796,2013,250000,2700,RU1
9798,2014,4000000,6996,UKR1
9800,2020,250000,61825,UKR1
9813,2015,5000000,449,TR1
9814,2013,50000,2424,PO1
9819,2019,500000,2503,PO1
9824,2017,50000,2441,GR1
9828,2015,30000000,162,FR1
9830,2014,50000,2424,PO1
9832,2012,20000000,631,GB1
9836,2016,3000000,3060,GR1
9841,2012,5000000,265,GR1
9847,2016,250000,5219,GR1
9849,2012,250000,128,GR1
9850,2019,750000,4603,GR1
9852,2014,5000000,3060,GR1
9856,2015,50000,47,GR1
9871,2012,500000,2079,GR1
9885,2012,750000,1032,GB1
9915,2013,1000000,6574,IT1
9934,2018,50000,28095,RU1
9956,2016,4000000,987,SC1
9966,2015,50000,1010,GB1
9967,2019,250000,1025,IT1
9975,2012,50000,180,GB1
9980,2012,1500000,1039,GB1
9988,2016,50000,3008,GB1
10003,2020,50000,1003,GB1
10025,2015,50000,2578,SC1
10029,2014,500000,465,SC1
10118,2014,750000,126,TR1
10121,2017,200000,820,TR1
10139,2015,1000000,3216,TR1
10143,2020,50000,19789,TR1
10152,2013,3000000,19771,TR1
10183,2014,50000,653,GR1
10244,2012,400000,520,BE1
10250,2017,100000,23826,L1
10254,2014,200000,7185,GR1
10255,2015,2000000,416,IT1
10267,2014,50000,968,BE1
10288,2013,3000000,16245,UKR1
10289,2012,1000000,367,ES1
10329,2019,50000,533,L1
10375,2015,50000,989,GB1
10424,2015,50000,1519,SC1
10501,2014,250000,1003,GB1
10503,2019,50000,127,L1
10504,2014,150000,6894,TR1
10598,2015,75000,2381,TR1
10642,2015,50000,762,GB1
10917,2019,200000,24,L1
11268,2019,175000,38,L1
11354,2014,200000,465,SC1
11359,2014,200000,511,SC1
11360,2015,200000,2553,SC1
11365,2016,200000,2451,SC1
11378,2014,150000,465,SC1
11680,2018,5000000,631,GB1
12028,2015,850000,1421,FR1
12029,2020,1500000,1420,FR1
12033,2012,300000,1421,FR1
12064,2013,50000,4482,UKR1
12093,2014,1500000,347,FR1
12096,2016,100000,1082,FR1
12098,2013,100000,2553,SC1
12101,2016,4000000,347,FR1
12106,2014,300000,126,TR1
12112,2013,500000,4750,PO1
12115,2015,75000,467,NL1
12124,2019,50000,43,SC1
12125,2012,75000,1032,GB1
12127,2015,50000,1123,GB1
12134,2015,100000,618,FR1
12142,2013,250000,12,IT1
12149,2015,3500000,995,FR1
12275,2013,250000,618,FR1
12351,2017,200000,68608,PO1
12359,2021,75000,607,IT1
12379,2014,2500000,40,FR1
12384,2019,50000,1123,GB1
12386,2016,1250000,1420,FR1
12387,2012,1500000,2381,TR1
12391,2012,150000,1095,FR1
12398,2012,500000,903,SC1
12401,2013,50000,603,GB1
12502,2013,150000,1147,FR1
12503,2014,2500000,417,FR1
12508,2017,250000,347,FR1
12515,2014,600000,347,FR1
12516,2015,1000000,512,GB1
12517,2012,750000,1084,ES1
12518,2019,850000,398,IT1
12530,2012,50000,6890,TR1
12563,2021,500000,252,IT1
12569,2016,500000,43,SC1
12570,2014,50000,1519,SC1
12575,2012,50000,2578,SC1
12589,2022,750000,43,SC1
12597,2012,50000,903,SC1
12610,2012,700000,43,SC1
12628,2012,50000,1032,GB1
12638,2013,50000,2553,SC1
12654,2015,50000,987,SC1
12663,2017,350000,987,SC1
12665,2016,50000,987,SC1
12673,2016,750000,987,SC1
12674,2016,50000,2759,SC1
12682,2020,300000,1519,SC1
12688,2021,400000,370,SC1
12691,2017,50000,379,GB1
12693,2014,50000,873,GB1
12703,2015,50000,511,SC1
12704,2019,50000,903,SC1
12709,2013,200000,873,GB1
12729,2018,50000,2553,SC1
12732,2013,50000,2553,SC1
12742,2012,50000,2553,SC1
12743,2014,50000,2578,SC1
12746,2012,50000,511,SC1
12751,2012,50000,511,SC1
12752,2022,50000,370,SC1
12753,2018,50000,2578,SC1
12763,2019,50000,43,SC1
12765,2014,250000,370,SC1
12769,2013,50000,370,SC1
12772,2016,50000,2451,SC1
12773,2019,50000,2759,SC1
12802,2013,50000,2760,SC1
12804,2015,50000,370,SC1
12807,2014,50000,2999,SC1
12811,2021,150000,511,SC1
12812,2012,500000,370,SC1
12813,2012,50000,511,SC1
12814,2018,1500000,873,GB1
12817,2020,250000,465,SC1
12836,2013,50000,2760,SC1
12840,2012,50000,511,SC1
12864,2018,850000,38,L1
12872,2016,50000,6418,GR1
12873,2018,250000,441,GR1
12880,2022,50000,653,GR1
12883,2016,50000,1091,GR1
12888,2013,50000,28956,GR1
12895,2014,50000,128,GR1
12906,2016,900000,1158,FR1
12908,2017,75000,3508,BE1
12912,2013,1500000,192,NL1
12934,2015,300000,1095,FR1
12938,2013,350000,169,GR1
12953,2017,50000,4603,GR1
12957,2013,1200000,14171,FR1
12974,2018,150000,498,BE1
12979,2021,50000,683,GR1
12988,2013,50000,6418,GR1
13001,2013,700000,520,BE1
13021,2017,600000,29228,BE1
13023,2021,850000,354,BE1
13028,2014,500000,204,BE1
13036,2013,650000,132,NL1
13037,2013,300000,520,BE1
13038,2015,1250000,1084,ES1
13041,2016,650000,498,BE1
13047,2012,750000,28643,BE1
13048,2013,900000,202,NL1
13049,2012,250000,566,BE1
13051,2012,600000,2727,BE1
13052,2012,250000,204,BE1
13058,2013,1500000,141,TR1
13061,2014,750000,2861,BE1
13063,2013,150000,235,NL1
13069,2012,200000,28643,BE1
13073,2014,300000,3508,BE1
13074,2015,50000,403,NL1
13078,2015,250000,2727,BE1
13087,2012,1000000,28643,BE1
13090,2013,70000,2727,BE1
13091,2018,2000000,683,GR1
13099,2015,150000,192,NL1
13103,2017,50000,1096,BE1
13110,2016,250000,1245,BE1
13111,2014,1000000,520,BE1
13113,2012,2000000,2227,UKR1
13114,2012,550000,192,NL1
13121,2021,1000000,441,GR1
13122,2015,50000,2995,PO1
13147,2017,50000,2420,PO1
13150,2012,1000000,2425,PO1
13157,2014,50000,2995,PO1
13166,2012,50000,1085,PO1
13168,2015,800000,36,TR1
13175,2014,750000,2503,PO1
13216,2017,2500000,1465,PO1
13217,2020,500000,449,TR1
13222,2018,100000,3349,PO1
13230,2017,5000000,294,PO1
13239,2014,3000000,405,GB1
13249,2012,250000,405,GB1
13258,2020,200000,4603,GR1
13271,2019,200000,58,BE1
13283,2020,50000,2861,BE1
13286,2013,750000,1411,BE1
13292,2016,200000,968,BE1
13309,2014,50000,204,BE1
13315,2012,820000,2727,BE1
13326,2013,250000,1301,PO1
13340,2012,50000,2759,SC1
13350,2014,75000,873,GB1
13354,2013,50000,2727,BE1
13368,2012,3500000,157,BE1
13371,2014,50000,2861,BE1
13372,2014,1800000,968,BE1
13389,2014,900000,19771,TR1
13405,2012,50000,987,SC1
13412,2013,50000,405,GB1
13426,2012,50000,1032,GB1
13427,2017,50000,1237,GB1
13431,2016,50000,2553,SC1
13443,2013,50000,984,GB1
13445,2012,800000,28643,BE1
13460,2021,50000,985,GB1
13465,2016,50000,3008,GB1
13483,2015,150000,29228,BE1
13490,2015,50000,2999,SC1
13501,2018,100000,29228,BE1
13507,2019,50000,29,GB1
13520,2020,50000,350,GB1
13543,2014,50000,465,SC1
13557,2013,50000,2578,SC1
13560,2012,400000,43,SC1
13561,2016,50000,371,SC1
13572,2021,50000,1010,GB1
13573,2019,50000,989,GB1
13582,2014,50000,1039,GB1
13583,2016,50000,124,SC1
13612,2012,50000,2079,GR1
13616,2014,50000,512,GB1
13640,2015,50000,180,GB1
13683,2017,600000,1110,GB1
13686,2014,75000,3,L1
13702,2014,50000,511,SC1
13723,2012,50000,2727,BE1
13743,2014,50000,2861,BE1
13748,2014,850000,2672,GR1
13749,2014,750000,1429,IT1
13783,2013,50000,441,GR1
13796,2016,50000,641,GB1
13799,2016,50000,987,SC1
13823,2012,2000000,1436,PO1
13829,2013,1500000,984,GB1
13831,2013,4500000,6996,UKR1
13845,2013,500000,128,GR1
13849,2014,1500000,28956,GR1
13862,2016,1500000,19771,TR1
13867,2013,4500000,4750,PO1
13872,2015,50000,367,ES1
13886,2013,50000,631,GB1
13894,2013,500000,2861,BE1
13902,2012,125000,204,BE1
13905,2016,350000,2672,GR1
13919,2014,125000,987,SC1
13932,2016,50000,511,SC1
13938,2014,50000,2759,SC1
13942,2012,50000,2759,SC1
13946,2019,500000,43,SC1
13952,2012,2000000,720,PO1
13957,2017,2000000,3336,PO1
13959,2015,50000,7185,GR1
13964,2014,50000,2503,PO1
13972,2015,50000,68608,PO1
13979,2016,50000,82,L1
13997,2012,50000,180,GB1
14007,2012,750000,1039,GB1
14013,2013,50000,3008,GB1
14031,2014,50000,873,GB1
14041,2012,50000,1032,GB1
14044,2022,400000,29,GB1
14047,2012,600000,1032,GB1
14066,2017,2000000,2288,GB1
14069,2012,50000,512,GB1
14081,2017,50000,1010,GB1
14086,2022,50000,405,GB1
14098,2015,50000,720,PO1
14118,2013,1250000,16704,RU1
14119,2018,50000,1301,PO1
14124,2016,150000,1304,NL1
14127,2016,50000,1075,PO1
14128,2014,50000,1301,PO1
14137,2015,50000,1301,PO1
14149,2013,550000,2424,PO1
14151,2012,1000000,19771,TR1
14170,2013,50000,467,NL1
14178,2013,50000,289,GB1
14192,2017,50000,294,PO1
14195,2017,50000,1465,PO1
14219,2015,100000,15,L1
14221,2021,300000,1132,GB1
14240,2015,50000,976,PO1
14244,2013,2000000,2672,GR1
14259,2015,50000,472,ES1
14262,2012,50000,1085,PO1
14263,2016,50000,2425,PO1
14270,2013,50000,6418,GR1
14274,2014,250000,2424,PO1
14279,2012,50000,979,PO1
14282,2015,50000,979,PO1
14309,2012,50000,1465,PO1
14331,2014,50000,1085,PO1
14334,2012,50000,4,L1
14342,2012,50000,237,ES1
14349,2012,50000,1075,PO1
14365,2012,50000,979,PO1
14403,2013,50000,6418,GR1
14511,2015,50000,68608,PO1
14514,2012,400000,2323,TR1
14515,2013,500000,4750,PO1
14520,2012,2000000,683,GR1
14521,2018,300000,3999,GR1
14523,2013,100000,2079,GR1
14533,2018,300000,42,L1
14535,2014,750000,993,ES1
14542,2014,2000000,2079,GR1
14552,2012,50000,128,GR1
14555,2022,400000,281,GB1
14558,2014,50000,465,SC1
14574,2020,50000,2578,SC1
14579,2014,75000,511,SC1
14608,2015,50000,2999,SC1
14678,2015,50000,2760,SC1
14690,2014,75000,2759,SC1
14694,2012,50000,2759,SC1
14695,2013,50000,2759,SC1
14708,2013,50000,2759,SC1
14716,2012,50000,2759,SC1
14735,2015,50000,2578,SC1
14736,2016,50000,2999,SC1
14746,2019,50000,2759,SC1
14754,2012,50000,2578,SC1
14768,2020,50000,2553,SC1
14792,2015,50000,2578,SC1
14821,2013,50000,465,SC1
14852,2012,50000,511,SC1
14856,2013,250000,167,L1
14863,2016,175000,1435,NL1
14879,2012,50000,5724,DK1
14882,2015,250000,126,TR1
14927,2012,50000,6994,UKR1
14933,2012,50000,58,BE1
14934,2013,1000000,16245,UKR1
14937,2015,1500000,897,ES1
14939,2013,50000,6996,UKR1
14940,2015,1250000,367,ES1
14942,2018,2300000,1390,IT1
14944,2014,5000000,964,RU1
14945,2012,2500000,6414,UKR1
14948,2017,50000,2672,GR1
14949,2016,6000000,1082,FR1
14950,2012,700000,14171,FR1
14951,2017,50000,1095,FR1
14954,2014,50000,28643,BE1
14960,2016,4000000,2414,DK1
14963,2014,50000,3426,DK1
14971,2013,50000,678,DK1
14974,2013,50000,39,L1
14977,2018,250000,167,L1
15008,2014,500000,1083,RU1
15018,2016,800000,498,BE1
15033,2013,1250000,2783,UKR1
15039,2016,400000,1063,DK1
15045,2018,50000,5817,DK1
15047,2013,50000,20100,DK1
15049,2015,50000,5818,DK1
15052,2016,1500000,206,DK1
15055,2012,50000,2414,DK1
15067,2013,50000,2227,UKR1
15069,2014,50000,820,TR1
15071,2017,2500000,11127,RU1
15072,2016,3000000,11127,RU1
15074,2020,50000,11127,RU1
15075,2014,50000,1083,RU1
15076,2018,50000,2696,RU1
15077,2016,50000,3729,RU1
15078,2016,50000,3729,RU1
15083,2018,50000,3714,RU1
15102,2022,50000,1186,RU1
15112,2013,500000,2696,RU1
15117,2013,50000,964,RU1
15118,2015,50000,1053,DK1
15125,2014,50000,1177,DK1
15128,2018,50000,1053,DK1
15131,2012,750000,173,DK1
15135,2018,600000,1053,DK1
15150,2012,50000,21957,GR1
15153,2015,1500000,1091,GR1
15163,2012,75000,511,SC1
15164,2013,50000,289,GB1
15165,2012,75000,2451,SC1
15166,2017,100000,1237,GB1
15185,2020,3500000,589,TR1
15209,2012,1000000,173,DK1
15216,2013,1000000,2282,BE1
15220,2019,1250000,989,GB1
15243,2016,1500000,5817,DK1
15250,2012,750000,3426,DK1
15260,2013,50000,3691,RU1
15275,2012,250000,3911,FR1
15300,2014,150000,3,L1
15338,2014,1000000,2282,BE1
15342,2013,5500000,12,IT1
15362,2017,50000,2410,RU1
15363,2017,350000,2410,RU1
15368,2015,2000000,964,RU1
15373,2012,1000000,964,RU1
15378,2015,2500000,2439,RU1
15379,2013,4000000,12438,RU1
15380,2015,500000,11127,RU1
15381,2016,4500000,964,RU1
15386,2013,400000,20100,DK1
15404,2013,2800000,5220,GR1
15409,2013,50000,204,BE1
15420,2015,5500000,5,IT1
15427,2013,500000,2671,GR1
15452,2022,800000,1050,ES1
15454,2013,400000,2292,TR1
15461,2014,50000,21957,GR1
15463,2012,500000,6996,UKR1
15472,2012,200000,5817,DK1
15486,2013,300000,167,L1
15500,2015,50000,472,ES1
15511,2019,10000000,6890,TR1
15567,2013,600000,1411,BE1
15568,2021,1000000,605,GR1
15569,2018,50000,1083,RU1
15570,2022,1500000,2410,RU1
15583,2012,50000,1083,RU1
15590,2015,50000,11126,RU1
15591,2013,50000,2410,RU1
15593,2016,50000,3691,RU1
15595,2012,50000,2703,RU1
15596,2013,50000,4482,UKR1
15597,2015,50000,2439,RU1
15645,2013,50000,3691,RU1
15647,2017,1500000,40426,RU1
15650,2018,1500000,932,RU1
15666,2016,50000,3729,RU1
15670,2014,50000,121,RU1
15673,2012,50000,4128,RU1
15676,2017,50000,2944,TR1
15680,2021,50000,232,RU1
15693,2017,50000,681,ES1
15715,2014,50000,940,ES1
15717,2014,50000,5220,GR1
15724,2012,50000,621,ES1
15730,2013,2500000,12438,RU1
15743,2019,50000,41201,RU1
15747,2013,50000,12438,RU1
15760,2019,50000,383,NL1
15761,2013,50000,331,ES1
15762,2016,50000,11282,TR1
15764,2012,800000,16795,ES1
15765,2014,100000,865,DK1
15773,2021,50000,1132,GB1
15790,2014,50000,1531,ES1
15796,2015,500000,968,BE1
15798,2015,50000,2441,GR1
15803,2013,50000,28956,GR1
15804,2014,50000,621,ES1
15808,2014,800000,595,FR1
15821,2013,3750000,3205,TR1
15838,2015,50000,989,GB1
15843,2018,500000,475,BE1
15844,2019,3000000,58,BE1
15872,2013,50000,2698,RU1
15881,2018,50000,2696,RU1
15885,2013,50000,204,BE1
15888,2013,500000,252,IT1
15894,2014,1250000,133,NL1
15904,2018,250000,131,ES1
15907,2013,3000000,12438,RU1
15916,2012,50000,370,SC1
15921,2015,50000,1123,GB1
15929,2012,50000,1039,GB1
15930,2021,50000,379,GB1
15952,2012,5000000,1084,ES1
15955,2012,50000,237,ES1
15956,2022,50000,368,ES1
15961,2014,50000,190,DK1
15974,2013,50000,3302,ES1
15980,2012,50000,237,ES1
15981,2015,50000,410,IT1
15983,2015,50000,3709,ES1
16058,2022,50000,24245,TR1
16064,2012,500000,6890,TR1
16095,2013,50000,2696,RU1
16101,2022,50000,114,TR1
16117,2014,2000000,862,IT1
16118,2013,250000,128,GR1
16120,2021,1200000,467,NL1
16124,2012,150000,897,ES1
16135,2021,50000,141,TR1
16136,2022,250000,417,FR1
16137,2016,800000,1025,IT1
16152,2012,50000,1519,SC1
16186,2018,75000,605,GR1
16191,2012,50000,21957,GR1
16252,2012,50000,979,PO1
16315,2014,50000,127,L1
16353,2016,50000,1159,FR1
16394,2014,50000,653,GR1
16397,2012,50000,21957,GR1
16402,2015,300000,825,TR1
16408,2021,50000,1082,FR1
16417,2014,300000,2672,GR1
16420,2013,50000,7185,GR1
16439,2014,50000,5220,GR1
16458,2021,1250000,3999,GR1
16474,2016,75000,44,L1
16498,2019,50000,15,L1
16499,2014,50000,1506,TR1
16519,2014,850000,2553,SC1
16520,2019,50000,24,L1
16529,2017,50000,21957,GR1
16531,2013,1500000,441,GR1
16533,2015,50000,7185,GR1
16535,2015,1000000,7185,GR1
16551,2013,50000,11127,RU1
16576,2013,200000,289,GB1
16589,2016,400000,2944,TR1
16595,2014,50000,3709,ES1
16597,2018,50000,3999,GR1
16599,2012,50000,2672,GR1
16600,2015,50000,47,GR1
16617,2022,800000,1096,BE1
16624,2014,250000,41,L1
16628,2015,250000,105,L1
16631,2018,50000,5,IT1
16633,2022,200000,46,IT1
16634,2013,50000,5220,GR1
16635,2018,50000,13,ES1
16649,2019,1500000,932,RU1
16651,2015,7500000,458,IT1
16660,2016,50000,641,GB1
16675,2013,50000,190,DK1
16682,2016,4250000,6418,GR1
16690,2016,50000,2698,RU1
16693,2019,50000,3205,TR1
16698,2012,50000,3216,TR1
16726,2016,75000,105,L1
16731,2017,750000,200,NL1
16733,2016,50000,678,DK1
16743,2014,75000,127,L1
16744,2016,800000,265,GR1
16746,2017,1500000,124,SC1
16756,2021,50000,28095,RU1
16760,2021,50000,3719,RU1
16768,2015,150000,524,TR1
16791,2021,50000,441,GR1
16810,2015,1500000,631,GB1
16816,2018,50000,114,TR1
16828,2012,3000000,1627,IT1
16833,2015,5000000,2293,TR1
16868,2017,500000,862,IT1
16870,2014,500000,6574,IT1
16873,2020,200000,3522,IT1
16888,2014,500000,1429,IT1
16891,2013,1250000,1210,IT1
16893,2016,500000,862,IT1
16902,2012,600000,1387,IT1
16911,2022,250000,417,FR1
16913,2016,750000,468,NL1
16922,2022,50000,44,L1
16947,2016,50000,1003,GB1
16955,2013,50000,449,TR1
16956,2014,50000,3,L1
16968,2014,75000,167,L1
16993,2017,1000000,589,TR1
17025,2016,250000,4795,L1
17029,2015,75000,33,L1
17057,2017,50000,317,NL1
17123,2015,1000000,2381,TR1
17127,2019,200000,2722,IT1
17129,2017,600000,897,ES1
17130,2013,750000,1025,IT1
17140,2015,750000,36,TR1
17171,2014,50000,276,IT1
17175,2012,1000000,398,IT1
17217,2013,50000,441,GR1
17220,2012,500000,2079,GR1
17225,2012,100000,605,GR1
17228,2013,150000,2740,UKR1
17239,2017,350000,5219,GR1
17244,2013,4000000,595,FR1
17273,2015,200000,762,GB1
17313,2019,50000,235,NL1
17320,2015,50000,798,NL1
17348,2015,50000,1082,FR1
17370,2016,50000,1085,PO1
17386,2015,450000,524,TR1
17396,2018,2000000,3709,ES1
17432,2012,600000,273,FR1
17441,2013,2500000,595,FR1
17465,2022,150000,589,TR1
17592,2020,50000,2425,PO1
17675,2012,100000,1095,FR1
17693,2013,100000,750,FR1
17734,2013,50000,589,TR1
17735,2016,250000,4083,IT1
17804,2019,50000,3057,BE1
17879,2012,400000,6676,GR1
17880,2020,1130000,190,DK1
17885,2014,1500000,79,L1
17930,2013,1200000,204,BE1
17965,2022,150000,148,GB1
17976,2014,350000,6418,GR1
18006,2017,300000,897,ES1
18012,2020,50000,235,NL1
18019,2018,50000,520,BE1
18021,2019,50000,317,NL1
18091,2014,400000,1533,ES1
18093,2015,750000,2553,SC1
18100,2015,300000,190,DK1
18224,2013,75000,865,DK1
18277,2015,50000,105,L1
18290,2013,50000,23,L1
18298,2015,300000,1420,FR1
18301,2015,4500000,12,IT1
18310,2017,100000,347,FR1
18324,2013,200000,984,GB1
18379,2013,50000,23,L1
18397,2014,1250000,28956,GR1
18533,2019,50000,89,L1
18537,2012,5000000,36,TR1
18542,2015,600000,595,FR1
18543,2014,1000000,969,FR1
18673,2012,75000,3911,FR1
18759,2019,50000,157,BE1
18828,2014,250000,36,TR1
18829,2021,6500000,865,DK1
18833,2013,50000,33,L1
18860,2013,100000,6992,UKR1
18870,2013,300000,1091,GR1
18871,2012,400000,1071,GB1
18878,2013,50000,2995,PO1
18893,2012,350000,1411,BE1
18894,2012,1000000,244,FR1
18900,2021,600000,1082,FR1
18901,2016,100000,618,FR1
18909,2021,350000,40,FR1
18912,2018,750000,2969,FR1
18918,2019,50000,44,L1
18927,2016,200000,3060,GR1
18929,2016,50000,2079,GR1
18935,2019,150000,58,BE1
18944,2022,5000000,131,ES1
18949,2015,1000000,475,BE1
18952,2015,1500000,28643,BE1
18955,2019,200000,347,FR1
18975,2017,400000,3999,GR1
19041,2022,50000,3840,TR1
19045,2013,700000,750,FR1
19057,2016,50000,202,NL1
19058,2017,350000,2778,DK1
19059,2019,1750000,1010,GB1
19061,2015,100000,403,NL1
19062,2013,750000,235,NL1
19063,2017,50000,192,NL1
19081,2018,100000,868,TR1
19083,2017,700000,190,DK1
19085,2015,4000000,873,GB1
19087,2014,100000,132,NL1
19104,2017,250000,252,IT1
19112,2020,250000,89,L1
19114,2022,50000,33,L1
19119,2017,200000,667,FR1
19136,2017,500000,5,IT1
19138,2013,400000,653,GR1
19139,2017,50000,1096,BE1
19182,2012,1000000,6195,IT1
19299,2018,400000,1283,NL1
19325,2014,50000,1455,NL1
19342,2014,50000,234,NL1
19354,2018,50000,79,L1
19356,2018,600000,202,NL1
19385,2012,50000,24,L1
19402,2012,400000,1426,NL1
19407,2012,125000,1426,NL1
19409,2021,250000,200,NL1
19435,2015,150000,800,IT1
19437,2012,5000000,800,IT1
19438,2015,50000,800,IT1
19439,2012,400000,128,GR1
19442,2015,50000,4102,IT1
19446,2018,4000000,5,IT1
19447,2019,900000,276,IT1
19450,2012,200000,653,GR1
19548,2017,50000,533,L1
19638,2021,100000,441,GR1
19641,2012,300000,1071,GB1
19671,2017,150000,1038,IT1
19694,2018,50000,398,IT1
19896,2021,50000,41274,BE1
19981,2017,50000,131,ES1
20232,2013,800000,2696,RU1
20378,2013,2500000,1025,IT1
20586,2021,50000,200,NL1
20587,2018,150000,2861,BE1
20622,2016,50000,1158,FR1
20623,2014,100000,2425,PO1
20714,2013,400000,3057,BE1
20726,2014,50000,800,IT1
20730,2014,250000,1390,IT1
20750,2015,200000,265,GR1
20833,2013,50000,5220,GR1
20903,2015,150000,2441,GR1
20905,2014,800000,5220,GR1
20913,2014,1200000,800,IT1
20920,2012,1400000,800,IT1
20941,2012,2000000,1387,IT1
20975,2013,200000,2288,GB1
21010,2012,50000,1039,GB1
21042,2015,250000,36,TR1
21151,2020,3000000,4171,IT1
21175,2020,250000,33,L1
21306,2022,50000,2578,SC1
21327,2020,50000,3,L1
21333,2022,300000,903,SC1
21354,2014,200000,2503,PO1
21371,2014,400000,498,BE1
21447,2014,75000,2672,GR1
21480,2015,1800000,3216,TR1
21482,2016,275000,1435,NL1
21488,2015,1500000,3216,TR1
21490,2018,600000,798,NL1
21495,2013,200000,1090,NL1
21496,2012,300000,405,GB1
21515,2013,250000,133,NL1
21522,2012,350000,2292,TR1
21590,2015,50000,192,NL1
21620,2014,250000,1435,NL1
21666,2013,50000,1411,BE1
21690,2012,350000,1387,IT1
21696,2014,900000,252,IT1
21700,2012,1200000,800,IT1
21701,2012,600000,1387,IT1
21726,2021,200000,23826,L1
21748,2018,1000000,868,TR1
21750,2013,1500000,2410,RU1
21752,2019,500000,46,IT1
21756,2016,50000,800,IT1
21763,2021,200000,6574,IT1
21782,2016,50000,2921,IT1
21887,2016,75000,252,IT1
21891,2018,50000,862,IT1
21988,2013,50000,1210,IT1
22068,2022,3000000,380,IT1
22092,2013,50000,862,IT1
22093,2016,600000,2921,IT1
22131,2013,2000000,130,IT1
22149,2020,400000,3057,BE1
22165,2015,50000,405,GB1
22227,2015,300000,8970,IT1
22249,2016,4000000,800,IT1
22340,2015,50000,2282,BE1
22382,2017,50000,20,TR1
22412,2017,800000,294,PO1
22568,2013,300000,28956,GR1
22586,2014,600000,897,ES1
22627,2017,50000,2861,BE1
22630,2015,2000000,1420,FR1
22645,2013,50000,1147,FR1
22741,2013,2250000,1506,TR1
22823,2013,50000,276,IT1
22851,2017,400000,190,DK1
22943,2013,2500000,653,GR1
22948,2012,500000,1390,IT1
22969,2017,200000,13,ES1
22972,2013,800000,605,GR1
23005,2012,50000,2414,DK1
23102,2014,2000000,16795,ES1
23218,2015,50000,472,ES1
23247,2012,50000,367,ES1
23287,2013,200000,150,ES1
23306,2013,800000,1531,ES1
23338,2018,50000,1533,ES1
23996,2015,450000,932,RU1
24001,2015,200000,39,L1
24284,2013,75000,441,GR1
24502,2012,100000,3368,ES1
24634,2016,150000,1132,GB1
24635,2017,750000,2759,SC1
24636,2014,100000,3008,GB1
24637,2018,400000,903,SC1
25113,2012,75000,3911,FR1
25115,2013,200000,595,FR1
25118,2021,300000,1435,NL1
25316,2017,300000,150,ES1
25319,2017,500000,472,ES1
25411,2012,1500000,237,ES1
25412,2020,150000,5358,ES1
25414,2012,500000,130,IT1
25461,2016,400000,331,ES1
25520,2022,75000,610,NL1
25523,2017,70000,234,NL1
3730,2014,5000000,232,RU1
5592,2012,1500000,969,FR1
5664,2012,1000000,1158,FR1
5676,2014,2000000,14171,FR1
5698,2014,1750000,14171,FR1
6590,2015,4500000,10484,TR1
12387,2012,2000000,2381,TR1
18324,2013,500000,984,GB1
18909,2021,400000,40,FR1
18912,2018,1500000,2969,FR1
20622,2016,250000,1158,FR1
22382,2017,200000,20,TR1
24105,2017,100000,417,FR1
18901,2016,400000,618,FR1
2306,2014,800000,42,L1
3296,2015,4500000,1003,GB1
3458,2015,4000000,19771,TR1
3753,2014,500000,6418,GR1
3978,2012,4000000,6996,UKR1
3989,2013,7000000,932,RU1
6251,2013,600000,441,GR1
6873,2015,2500000,3216,TR1
7063,2012,900000,6890,TR1
7072,2012,550000,3216,TR1
7110,2013,250000,10484,TR1
8706,2012,630000,3216,TR1
9643,2015,750000,172,BE1
10139,2015,750000,3216,TR1
10143,2020,1500000,19789,TR1
12124,2019,100000,43,SC1
12517,2012,1250000,1084,ES1
12530,2012,150000,6890,TR1
13021,2017,700000,29228,BE1
13028,2014,850000,204,BE1
13103,2017,350000,1096,BE1
13997,2012,150000,180,GB1
14031,2014,2250000,873,GB1
15153,2015,3000000,1091,GR1
16597,2018,100000,3999,GR1
16599,2012,400000,2672,GR1
16746,2017,5000000,124,SC1
18324,2013,2500000,984,GB1
18949,2015,2250000,475,BE1
25468,2014,75000,60,L1
25727,2020,50000,16,L1
3668,2015,350000,1010,GB1
5286,2014,3500000,14171,FR1
5868,2018,7500000,749,IT1
5917,2012,500000,273,FR1
5928,2018,2500000,862,IT1
6233,2012,2000000,862,IT1
13023,2021,1300000,354,BE1
13286,2013,1200000,1411,BE1
13354,2013,100000,2727,BE1
13372,2014,2500000,968,BE1
14031,2014,3000000,873,GB1
16617,2022,1500000,1096,BE1
17804,2019,300000,3057,BE1
21700,2012,4000000,800,IT1
7781,2017,300000,1108,ES1
7782,2016,2000000,1084,ES1
7784,2013,2500000,498,BE1
7795,2012,300000,6676,GR1
9665,2014,1200000,520,BE1
13849,2014,2000000,28956,GR1
15980,2012,2500000,237,ES1
15981,2015,500000,410,IT1
15983,2015,300000,3709,ES1
16533,2015,125000,7185,GR1
16535,2015,1250000,7185,GR1
17232,2017,200000,6418,GR1
18001,2012,350000,403,NL1
21905,2021,120000,252,IT1
4634,2018,600000,499,NL1
6853,2016,75000,1304,NL1
8552,2020,4000000,2381,TR1
22339,2015,250000,1184,BE1
410,2014,2750000,16,L1
1368,2015,1100000,1519,SC1
1560,2012,275000,306,NL1
1716,2012,1900000,6996,UKR1
2587,2016,75000,524,TR1
3170,2014,1300000,1304,NL1
4315,2015,4500000,610,NL1
4452,2018,275000,132,NL1
4676,2013,1200000,200,NL1
6237,2017,350000,15,L1
6403,2015,350000,1304,NL1
6404,2018,350000,371,SC1
7970,2014,500000,132,NL1
14124,2016,500000,1304,NL1
14863,2016,200000,1435,NL1
18021,2019,200000,317,NL1
21398,2013,250000,1304,NL1
22837,2015,1000000,42,L1
25523,2017,200000,234,NL1
5518,2013,4250000,653,GR1
7668,2020,150000,2687,ES1
7828,2012,1500000,3368,ES1
7844,2012,1000000,157,BE1
8006,2018,2500000,1245,BE1
10289,2012,2200000,367,ES1
12864,2018,1000000,38,L1
12873,2018,300000,441,GR1
12883,2016,600000,1091,GR1
15951,2021,5000000,131,ES1
15952,2012,9500000,1084,ES1
15955,2012,900000,237,ES1
15956,2022,1500000,368,ES1
15974,2013,3000000,3302,ES1
19286,2014,750000,1091,GR1
25719,2016,100000,21957,GR1
25721,2019,100000,169,GR1
26063,2013,1500000,18,L1
26065,2020,2500000,681,ES1
26066,2019,1500000,1533,ES1
3332,2017,37000000,985,GB1
6994,2015,700000,2381,TR1
7612,2013,3000000,13,ES1
7631,2015,3750000,621,ES1
7633,2012,900000,2698,RU1
12900,2015,1500000,7185,GR1
15803,2013,700000,28956,GR1
15804,2014,750000,621,ES1
7818,2013,1000000,366,ES1
7978,2013,2000000,653,GR1
7983,2015,600000,897,ES1
7985,2013,600000,1531,ES1
7989,2014,900000,3302,ES1
15427,2013,750000,2671,GR1
15432,2016,450000,2079,GR1
16600,2015,100000,47,GR1
17217,2013,100000,441,GR1
17220,2012,900000,2079,GR1
17225,2012,250000,605,GR1
17228,2013,400000,2740,UKR1
25427,2019,50000,499,NL1
26148,2018,400000,5358,ES1
26153,2014,400000,932,RU1
258,2013,3500000,33,L1
410,2014,3500000,16,L1
2998,2017,3000000,1003,GB1
6237,2017,500000,15,L1
9340,2018,200000,371,SC1
13686,2014,200000,3,L1
13979,2016,300000,82,L1
18833,2013,200000,33,L1
25468,2014,200000,60,L1
2148,2016,300000,2944,TR1
3165,2012,4000000,141,TR1
18900,2021,1250000,1082,FR1
18935,2019,500000,58,BE1
19368,2018,100000,148,GB1
20276,2015,50000,79,L1
22377,2017,150000,354,BE1
22378,2020,800000,1091,GR1
7825,2022,4500000,1050,ES1
7914,2018,2000000,36,TR1
9798,2014,2500000,6996,UKR1
15404,2013,2750000,5220,GR1
15798,2015,400000,2441,GR1
15799,2019,400000,1050,ES1
19998,2016,2000000,430,IT1
22396,2016,50000,595,FR1
24043,2016,400000,339,UKR1
24606,2018,400000,862,IT1
26199,2017,400000,3368,ES1
7881,2015,1500000,897,ES1
7899,2012,8000000,367,ES1
7914,2018,2500000,36,TR1
9849,2012,500000,128,GR1
12888,2013,250000,28956,GR1
12895,2014,400000,128,GR1
12979,2021,200000,683,GR1
14949,2016,4500000,1082,FR1
15761,2013,400000,331,ES1
15790,2014,400000,1531,ES1
18093,2015,1500000,2553,SC1
18418,2012,50000,520,BE1
18955,2019,450000,347,FR1
19312,2019,75000,3508,BE1
20887,2012,150000,5219,GR1
24973,2013,150000,6418,GR1
24975,2012,600000,7185,GR1
24976,2013,500000,4482,UKR1
24977,2019,250000,683,GR1
26200,2013,50000,605,GR1
26267,2021,500000,281,GB1
26373,2012,300000,3368,ES1
6322,2014,400000,3,L1
6636,2020,100000,1003,GB1
19636,2018,400000,410,IT1
8552,2020,6000000,2381,TR1
14521,2018,300000,3999,GR1
16394,2014,300000,653,GR1
16397,2012,300000,21957,GR1
16439,2014,200000,5220,GR1
16444,2016,350000,601,BE1
25368,2012,600000,3060,GR1
25523,2017,400000,234,NL1
26502,2012,400000,11126,RU1
26797,2015,50000,1184,BE1
25668,2015,50000,2672,GR1
3707,2012,6500000,3911,FR1
5300,2012,12000000,595,FR1
5315,2014,3500000,653,GR1
5469,2013,750000,162,FR1
5495,2014,2000000,2381,TR1
12518,2019,1250000,398,IT1
13058,2013,1000000,141,TR1
13372,2014,2000000,968,BE1
17025,2016,350000,4795,L1
18310,2017,1000000,347,FR1
18935,2019,1000000,58,BE1
22377,2017,300000,354,BE1
5339,2015,3000000,3558,FR1
7451,2015,8000000,11,GB1
7468,2012,2000000,3368,ES1
15693,2017,1500000,681,ES1
23218,2015,400000,472,ES1
23247,2012,400000,367,ES1
23338,2018,2000000,1533,ES1
25318,2013,3500000,800,IT1
25323,2013,350000,1025,IT1
3914,2012,4000000,2292,TR1
4217,2016,1250000,3060,GR1
5439,2013,1300000,128,GR1
5444,2012,400000,583,FR1
12391,2012,600000,1095,FR1
13389,2014,2000000,19771,TR1
13796,2016,400000,641,GB1
17422,2012,500000,1147,FR1
17432,2012,2700000,273,FR1
20444,2013,50000,533,L1
22388,2022,150000,141,TR1
22390,2019,100000,618,FR1
22396,2016,75000,595,FR1
27053,2014,50000,1003,GB1
2358,2014,300000,82,L1
755,2013,1500000,589,TR1
2587,2016,250000,524,TR1
3205,2012,2000000,148,GB1
5431,2016,700000,415,FR1
6803,2017,200000,244,FR1
6860,2012,2250000,2292,TR1
6861,2015,2500000,3508,BE1
6866,2012,2500000,6890,TR1
6871,2017,9500000,2698,RU1
6910,2012,2250000,3216,TR1
6912,2013,1500000,2293,TR1
6915,2012,3000000,19771,TR1
6917,2012,5000000,3216,TR1
6934,2013,10000000,20,TR1
6949,2014,8000000,6894,TR1
6980,2015,850000,855,FR1
6986,2017,400000,855,FR1
6994,2015,1000000,2381,TR1
7025,2017,1750000,1467,TR1
7041,2015,5000000,3216,TR1
7079,2018,4000000,36,TR1
7237,2017,5000000,1467,TR1
7264,2014,4000000,2381,TR1
7345,2015,4000000,3216,TR1
7394,2014,950000,20698,TR1
7542,2015,5000000,3368,ES1
8487,2019,750000,589,TR1
10118,2014,1000000,126,TR1
10152,2013,2750000,19771,TR1
12134,2015,250000,618,FR1
12275,2013,700000,618,FR1
12515,2014,1200000,347,FR1
13368,2012,2750000,157,BE1
15821,2013,6000000,3205,TR1
16816,2018,250000,114,TR1
17123,2015,5000000,2381,TR1
18547,2019,350000,2293,TR1
25550,2018,200000,19771,TR1
26014,2015,150000,825,TR1
26764,2017,1000000,4171,IT1
17348,2015,1000000,1082,FR1
22627,2017,150000,2861,BE1
22630,2015,1200000,1420,FR1
22632,2013,1200000,1147,FR1
22635,2016,1100000,855,FR1
22636,2012,550000,3911,FR1
22642,2016,750000,1162,FR1
22645,2013,600000,1147,FR1
23825,2018,200000,1467,TR1
27114,2017,400000,1010,GB1
2899,2012,2500000,2292,TR1
3575,2013,11000000,595,FR1
5513,2017,3750000,40,FR1
5521,2015,2500000,3558,FR1
12028,2015,750000,1421,FR1
12096,2016,1200000,1082,FR1
12101,2016,2750000,347,FR1
12106,2014,600000,126,TR1
12391,2012,1250000,1095,FR1
18893,2012,450000,1411,BE1
22396,2016,150000,595,FR1
26763,2016,100000,244,FR1
26797,2015,150000,1184,BE1
12912,2013,2000000,192,NL1
12974,2018,250000,498,BE1
13001,2013,1500000,520,BE1
13114,2012,850000,192,NL1
13483,2015,750000,29228,BE1
15018,2016,1000000,498,BE1
15486,2013,350000,167,L1
20587,2018,600000,2861,BE1
21371,2014,650000,498,BE1
22348,2017,375000,354,BE1
23996,2015,750000,932,RU1
3913,2012,1500000,750,FR1
5393,2012,3000000,1095,FR1
5404,2019,3000000,336,PO1
5469,2013,600000,162,FR1
5470,2016,2500000,524,TR1
5486,2015,3000000,12,IT1
5495,2014,4000000,2381,TR1
5539,2012,2300000,969,FR1
12359,2021,250000,607,IT1
12502,2013,250000,1147,FR1
16402,2015,700000,825,TR1
17244,2013,4500000,595,FR1
22395,2012,150000,415,FR1
24233,2014,100000,354,BE1
24805,2012,50000,2672,GR1
24810,2012,100000,169,GR1
24913,2013,150000,6418,GR1
4018,2019,500000,167,L1
2956,2013,1000000,68608,PO1
5309,2012,1500000,1159,FR1
5348,2019,2200000,2969,FR1
5543,2017,1250000,2969,FR1
13845,2013,1000000,128,GR1
17675,2012,1000000,1095,FR1
17693,2013,900000,750,FR1
17965,2022,250000,148,GB1
27303,2013,75000,336,PO1
27304,2020,200000,1268,NL1
15275,2012,1500000,3911,FR1
27305,2019,3500000,1416,FR1
27306,2020,450000,618,FR1
27307,2013,400000,1421,FR1
5946,2016,4000000,2921,IT1
8689,2014,150000,6890,TR1
3201,2015,3500000,265,GR1
5430,2015,1500000,855,FR1
5544,2015,900000,995,FR1
5645,2014,2500000,244,FR1
5648,2016,2500000,589,TR1
12516,2015,1800000,512,GB1
12906,2016,1200000,1158,FR1
15275,2012,1000000,3911,FR1
20232,2013,1200000,2696,RU1
21666,2013,400000,1411,BE1
26763,2016,150000,244,FR1
27114,2017,700000,1010,GB1
27306,2020,250000,618,FR1
27307,2013,250000,1421,FR1
215,2015,4000000,1084,ES1
2421,2019,750000,38,L1
16635,2018,1000000,13,ES1
18923,2015,50000,2079,GR1
18927,2016,350000,3060,GR1
18929,2016,250000,2079,GR1
24180,2020,400000,6890,TR1
24337,2014,380000,128,GR1
25841,2016,175000,3060,GR1
22227,2015,750000,8970,IT1
4010,2016,9000000,234,NL1
6764,2017,4000000,1426,NL1