ID,Date,Open,High,Low,Close,Vol.,Change %
1,2012-6-11,3.4,3.45,3.35,3.4,3240000,0.0000
2,2012-6-12,3.4,3.5,3.4,3.45,6090000,0.0147
3,2012-6-13,3.45,3.45,3.35,3.4,7290000,-0.0145
4,2012-6-14,3.4,3.45,3.35,3.4,31810000,0.0000
5,2012-6-15,3.4,3.5,3.4,3.4,7570000,0.0000
6,2012-6-18,3.4,3.45,3.4,3.45,1820000,0.0147
7,2012-6-19,3.45,3.5,3.4,3.45,17700000,0.0000
8,2012-6-20,3.45,3.55,3.45,3.5,6220000,0.0145
9,2012-6-21,3.5,3.55,3.5,3.5,3430000,0.0000
10,2012-6-22,3.5,3.55,3.5,3.5,6430000,0.0000
11,2012-6-25,3.5,3.55,3.5,3.5,4820000,0.0000
12,2012-6-26,3.5,3.55,3.45,3.5,14210000,0.0000
13,2012-6-27,3.5,3.5,3.4,3.45,14950000,-0.0143
14,2012-6-28,3.45,3.45,3.35,3.4,3040000,-0.0145
15,2012-6-29,3.4,3.55,3.4,3.45,4160000,0.0147
16,2012-7-2,3.45,3.65,3.5,3.6,7460000,0.0435
17,2012-7-3,3.6,3.7,3.6,3.65,12160000,0.0139
18,2012-7-4,3.65,3.7,3.5,3.55,945900,-0.0274
19,2012-7-5,3.55,3.6,3.45,3.55,1500000,0.0000
20,2012-7-6,3.55,3.6,3.55,3.56,910300,0.0028
21,2012-7-9,3.55,3.6,3.55,3.55,1250000,-0.0028
22,2012-7-10,3.55,3.6,3.55,3.55,6930000,0.0000
23,2012-7-11,3.55,3.6,3.55,3.55,6160000,0.0000
24,2012-7-12,3.55,3.65,3.55,3.6,6850000,0.0141
25,2012-7-13,3.6,3.65,3.55,3.55,1490000,-0.0139
26,2012-7-16,3.55,3.7,3.55,3.6,9180000,0.0141
27,2012-7-17,3.6,3.75,3.6,3.65,2050000,0.0139
28,2012-7-18,3.65,3.8,3.65,3.75,2800000,0.0274
29,2012-7-19,3.75,3.9,3.75,3.85,16540000,0.0267
30,2012-7-20,3.85,3.95,3.85,3.9,2550000,0.0130
31,2012-7-23,3.9,4,3.85,3.9,1620000,0.0000
32,2012-7-24,3.9,3.95,3.85,3.85,1450000,-0.0128
33,2012-7-25,3.85,4,3.9,3.95,27710000,0.0260
34,2012-7-26,3.95,4,3.9,3.95,21480000,0.0000
35,2012-7-27,3.95,3.95,3.8,3.9,14640000,-0.0127
36,2012-7-30,3.9,3.9,3.7,3.8,11910000,-0.0256
37,2012-7-31,3.8,3.9,3.8,3.8,2060000,0.0000
38,2012-8-1,3.8,3.85,3.8,3.8,1500000,0.0000
39,2012-8-2,3.8,3.95,3.8,3.85,5910000,0.0132
40,2012-8-3,3.85,3.95,3.9,3.95,19480000,0.0260
41,2012-8-6,3.95,3.95,3.8,3.85,1270000,-0.0253
42,2012-8-7,3.85,3.95,3.85,3.85,3610000,0.0000
43,2012-8-8,3.85,3.9,3.8,3.85,2410000,0.0000
44,2012-8-9,3.85,3.95,3.8,3.9,36750000,0.0130
45,2012-8-10,3.9,3.9,3.7,3.8,10920000,-0.0256
46,2012-8-13,3.8,3.9,3.7,3.75,1030000,-0.0132
47,2012-8-14,3.75,3.85,3.7,3.75,426100,0.0000
48,2012-8-15,3.75,3.85,3.7,3.75,1300000,0.0000
49,2012-8-16,3.75,3.85,3.75,3.75,791600,0.0000
50,2012-8-17,3.75,3.9,3.75,3.75,1260000,0.0000
51,2012-8-21,3.75,3.85,3.75,3.75,571500,0.0000
52,2012-8-22,3.75,3.95,3.75,3.85,2930000,0.0267
53,2012-8-23,3.85,3.95,3.9,3.9,2490000,0.0130
54,2012-8-24,3.9,3.95,3.9,3.9,440400,0.0000
55,2012-8-27,3.9,3.95,3.85,3.9,1000000,0.0000
56,2012-8-28,3.9,3.95,3.7,3.85,8100000,-0.0128
57,2012-8-29,3.85,3.9,3.7,3.8,611700,-0.0130
58,2012-8-30,3.8,3.9,3.75,3.85,774300,0.0132
59,2012-8-31,3.85,3.9,3.75,3.8,4500000,-0.0130
60,2012-9-3,3.8,3.95,3.85,3.9,791700,0.0263
61,2012-9-4,3.9,4,3.85,3.95,12050000,0.0128
62,2012-9-5,3.95,4.1,3.95,3.95,3400000,0.0000
63,2012-9-6,3.95,4.05,3.95,3.95,1650000,0.0000
64,2012-9-7,3.95,4.05,4,4,1110000,0.0127
65,2012-9-10,4,4.2,4,4.05,2050000,0.0125
66,2012-9-11,4.05,4.3,4.15,4.25,13650000,0.0494
67,2012-9-12,4.25,4.3,4.2,4.25,28040000,0.0000
68,2012-9-13,4.25,4.25,4,4.15,30440000,-0.0235
69,2012-9-14,4.15,4.1,3.65,3.95,5600000,-0.0482
70,2012-9-17,3.95,4.1,4,4,8500000,0.0127
71,2012-9-18,4,4.05,4,4,10470000,0.0000
72,2012-9-19,4,4.1,4,4,5750000,0.0000
73,2012-9-20,4,4.05,4,4,3760000,0.0000
74,2012-9-24,4,4.05,4,4,1220000,0.0000
75,2012-9-25,4,4.05,4,4,11890000,0.0000
76,2012-9-26,4,4.05,4,4,5830000,0.0000
77,2012-9-27,4,4.1,4,4.05,7480000,0.0125
78,2012-9-28,4.05,4.1,4.05,4.1,9570000,0.0123
79,2012-10-1,4.1,4.1,4.05,4.05,3050000,-0.0122
80,2012-10-2,4.05,4.15,4.05,4.05,10390000,0.0000
81,2012-10-3,4.05,4.1,3.9,4.05,9190000,0.0000
82,2012-10-4,4.05,4.05,4,4,1650000,-0.0123
83,2012-10-5,4,4.1,4,4.05,7620000,0.0125
84,2012-10-8,4.05,4.05,4,4,582900,-0.0123
85,2012-10-9,4,4.1,4,4.05,2680000,0.0125
86,2012-10-10,4.05,4.15,4.05,4.05,11680000,0.0000
87,2012-10-11,4.05,4.15,4.05,4.1,7940000,0.0123
88,2012-10-12,4.1,4.15,4.05,4.1,1780000,0.0000
89,2012-10-15,4.1,4.15,4.1,4.1,1300000,0.0000
90,2012-10-16,4.1,4.15,4.1,4.1,3000000,0.0000
91,2012-10-17,4.1,4.15,4.1,4.15,4690000,0.0122
92,2012-10-18,4.15,4.2,4.1,4.2,8490000,0.0120
93,2012-10-19,4.2,4.25,4.15,4.2,803000,0.0000
94,2012-10-22,4.2,4.5,4.2,4.25,1890000,0.0119
95,2012-10-23,4.25,4.3,4.25,4.25,474000,0.0000
96,2012-10-24,4.25,4.4,4.25,4.25,1870000,0.0000
97,2012-10-25,4.25,4.45,4.3,4.35,4330000,0.0235
98,2012-10-26,4.35,4.5,4.4,4.45,1440000,0.0230
99,2012-10-29,4.45,4.5,4.4,4.4,831400,-0.0112
100,2012-10-30,4.4,4.45,4.4,4.4,9070000,0.0000
101,2012-10-31,4.4,4.45,4.4,4.4,1500000,0.0000
102,2012-11-1,4.4,4.4,4.25,4.35,14610000,-0.0114
103,2012-11-2,4.35,4.4,4.25,4.35,2910000,0.0000
104,2012-11-5,4.35,4.4,4.25,4.35,1530000,0.0000
105,2012-11-6,4.35,4.45,4.25,4.35,1410000,0.0000
106,2012-11-7,4.35,4.45,4.35,4.45,39140000,0.0230
107,2012-11-8,4.35,4.55,4.45,4.45,2490000,0.0000
108,2012-11-9,4.45,4.95,4.55,4.8,7980000,0.0787
109,2012-11-12,4.8,4.85,4.8,4.8,21650000,0.0000
110,2012-11-13,4.8,4.8,4.55,4.7,7260000,-0.0208
111,2012-11-14,4.7,4.65,4.5,4.55,12290000,-0.0319
112,2012-11-15,4.55,4.75,4.5,4.6,18080000,0.0110
113,2012-11-16,4.6,4.8,4.65,4.65,31150000,0.0109
114,2012-11-19,4.65,4.7,4.55,4.6,27030000,-0.0108
115,2012-11-20,4.6,4.85,4.6,4.75,33650000,0.0326
116,2012-11-21,4.75,5,4.75,4.85,14330000,0.0211
117,2012-11-22,4.85,5.05,4.7,4.95,13200000,0.0206
118,2012-11-23,4.95,5.05,4.85,5,85730000,0.0101
119,2012-11-26,5,5.3,5,5.2,33840000,0.0400
120,2012-11-27,5.2,5.1,4.85,5,76770000,-0.0385
121,2012-11-28,5,5,4.85,4.9,11740000,-0.0200
122,2012-11-29,4.9,4.95,4.6,4.9,22670000,0.0000
123,2012-11-30,4.9,5.05,4.7,5,21120000,0.0204
124,2012-12-3,5,5.1,4.9,5.05,17560000,0.0100
125,2012-12-4,5.05,5.1,5,5.05,40440000,0.0000
126,2012-12-5,5.05,5.1,5,5,10120000,-0.0099
127,2012-12-6,5,5.05,5,5,18370000,0.0000
128,2012-12-7,5,5.1,5,5.05,25400000,0.0100
129,2012-12-10,5.05,5.1,5,5.05,9540000,0.0000
130,2012-12-11,5.05,5.1,5,5,54090000,-0.0099
131,2012-12-13,5,5.1,5,5.05,38410000,0.0100
132,2012-12-14,5.05,5.1,5,5.05,5060000,0.0000
133,2012-12-17,5.05,5.1,5,5.05,6410000,0.0000
134,2012-12-18,5.05,5.1,5,5.05,15770000,0.0000
135,2012-12-19,5.05,5.1,5,5.05,13170000,0.0000
136,2012-12-20,5.05,5.1,5.05,5.05,13610000,0.0000
137,2012-12-21,5.05,5.1,5.05,5.05,8070000,0.0000
138,2012-12-24,5.05,5.1,5.05,5.05,12450000,0.0000
139,2012-12-27,5.1,5.15,5.05,5.1,7630000,0.0099
140,2012-12-28,5.05,5.15,5.05,5.05,595300,-0.0098
141,2012-12-31,5.05,5.1,5,5.05,1760000,0.0000
142,2013-1-2,5,5.15,5,5.1,3320000,0.0099
143,2013-1-3,5.1,5.25,5.1,5.15,7250000,0.0098
144,2013-1-4,5.2,5.35,5.15,5.25,4130000,0.0194
145,2013-1-7,5.2,5.45,5.2,5.35,4100000,0.0190
146,2013-1-8,5.4,5.85,5.4,5.6,11000000,0.0467
147,2013-1-9,5.65,6,5.5,5.8,13690000,0.0357
148,2013-1-10,5.8,5.8,5.55,5.6,6690000,-0.0345
149,2013-1-11,5.6,5.7,5.6,5.6,4440000,0.0000
150,2013-1-14,5.6,5.7,5.6,5.65,10960000,0.0089
151,2013-1-15,5.6,5.8,5.55,5.65,11690000,0.0000
152,2013-1-16,5.65,5.85,5.65,5.75,9130000,0.0177
153,2013-1-17,5.75,5.8,5.7,5.75,15910000,0.0000
154,2013-1-18,5.75,5.8,5.75,5.75,13300000,0.0000
155,2013-1-21,5.75,5.8,5.5,5.75,44020000,0.0000
156,2013-1-22,5.7,5.75,5.55,5.65,11700000,-0.0174
157,2013-1-23,5.7,5.75,5.5,5.6,15440000,-0.0088
158,2013-1-24,5.55,5.7,5.5,5.6,10710000,0.0000
159,2013-1-25,5.6,5.65,5.35,5.6,8850000,0.0000
160,2013-1-28,5.6,5.6,5.25,5.4,25310000,-0.0357
161,2013-1-29,5.25,5.4,5.2,5.3,10540000,-0.0185
162,2013-1-30,5.3,5.5,5.25,5.3,18410000,0.0000
163,2013-1-31,5.3,5.5,5.3,5.45,3670000,0.0283
164,2013-2-1,5.45,5.55,5.4,5.55,110830000,0.0183
165,2013-2-4,5.45,5.55,5.35,5.5,2870000,-0.0090
166,2013-2-5,5.5,5.6,5.35,5.4,28080000,-0.0182
167,2013-2-6,5.4,5.5,5.4,5.4,3450000,0.0000
168,2013-2-7,5.4,5.5,5.4,5.4,36270000,0.0000
169,2013-2-8,5.5,5.6,5.5,5.55,18080000,0.0278
170,2013-2-11,5.55,5.7,5.55,5.65,9360000,0.0180
171,2013-2-12,5.65,5.75,5.65,5.7,25570000,0.0088
172,2013-2-13,5.7,5.75,5.55,5.7,20900000,0.0000
173,2013-2-14,5.55,5.65,5.55,5.6,4860000,-0.0175
174,2013-2-15,5.6,5.65,5.55,5.55,1750000,-0.0089
175,2013-2-18,5.75,5.75,5.55,5.55,14740000,0.0000
176,2013-2-19,5.6,5.7,5.6,5.65,7960000,0.0180
177,2013-2-20,5.7,5.8,5.65,5.7,62300000,0.0088
178,2013-2-21,5.7,5.75,5.65,5.7,15090000,0.0000
179,2013-2-22,5.7,5.75,5.65,5.7,8580000,0.0000
180,2013-2-25,5.65,5.7,5.65,5.65,1230000,-0.0088
181,2013-2-26,5.65,5.75,5.65,5.65,3610000,0.0000
182,2013-2-27,5.7,5.8,5.7,5.75,8030000,0.0177
183,2013-2-28,5.75,5.8,5.75,5.75,4400000,0.0000
184,2013-3-1,5.75,5.9,5.75,5.8,6740000,0.0087
185,2013-3-5,5.85,6,5.85,5.95,13260000,0.0259
186,2013-3-6,5.95,6,5.9,5.95,24040000,0.0000
187,2013-3-7,5.8,6,5.8,5.95,23030000,0.0000
188,2013-3-8,5.9,6.1,5.9,6,2750000,0.0084
189,2013-3-11,6,6.5,6,6.15,10040000,0.0250
190,2013-3-12,6.25,6.35,6.15,6.25,24590000,0.0163
191,2013-3-13,6.3,6.35,6.25,6.25,11530000,0.0000
192,2013-3-14,6.3,6.4,6.25,6.3,28090000,0.0080
193,2013-3-15,6.3,6.35,5.9,6.15,3010000,-0.0238
194,2013-3-18,5.8,6.1,5.8,6,18570000,-0.0244
195,2013-3-19,5.95,6,5.9,5.95,6550000,-0.0083
196,2013-3-20,6,6,5.85,5.95,10670000,0.0000
197,2013-3-21,6,6,5.8,5.85,2950000,-0.0168
198,2013-3-22,5.85,5.9,5.8,5.8,3060000,-0.0085
199,2013-3-25,5.85,5.95,5.75,5.8,17120000,0.0000
200,2013-3-26,5.8,5.85,5.6,5.8,1710000,0.0000
201,2013-3-27,5.8,6,5.8,5.95,9060000,0.0259
202,2013-3-28,5.95,6.2,5.95,6,6930000,0.0084
203,2013-4-2,6.25,6.5,6,6,54840000,0.0000
204,2013-4-3,6.05,6.25,6.05,6.15,2480000,0.0250
205,2013-4-4,6.2,6.4,6.15,6.3,11260000,0.0244
206,2013-4-5,6.25,6.4,6.25,6.3,8920000,0.0000
207,2013-4-8,6.3,6.4,6.3,6.35,2150000,0.0079
208,2013-4-10,6.4,6.6,6.35,6.45,30860000,0.0157
209,2013-4-11,6.5,6.6,6.5,6.55,9590000,0.0155
210,2013-4-12,6.55,6.55,6.3,6.5,11990000,-0.0076
211,2013-4-15,6.5,6.5,6.35,6.4,5660000,-0.0154
212,2013-4-16,6.35,6.5,6.3,6.4,13530000,0.0000
213,2013-4-17,6.45,6.6,6.45,6.45,35560000,0.0078
214,2013-4-18,6.55,6.65,6.55,6.55,34860000,0.0155
215,2013-4-19,6.55,6.65,6.55,6.6,16000000,0.0076
216,2013-4-22,6.6,6.65,6.55,6.6,15180000,0.0000
217,2013-4-23,6.6,6.7,6.6,6.6,13180000,0.0000
218,2013-4-24,6.65,6.7,6.6,6.6,14370000,0.0000
219,2013-4-25,6.65,6.7,6.6,6.6,6620000,0.0000
220,2013-4-26,6.6,6.7,6.6,6.65,8190000,0.0076
221,2013-4-29,6.65,6.75,6.65,6.7,4580000,0.0075
222,2013-4-30,6.8,6.95,6.7,6.85,11280000,0.0224
223,2013-5-2,6.9,7.1,6.85,7,22630000,0.0219
224,2013-5-3,7,7.2,7,7.05,30740000,0.0071
225,2013-5-6,7.05,7.15,7.05,7.1,32800000,0.0071
226,2013-5-7,7.1,7.2,7.1,7.15,21730000,0.0070
227,2013-5-8,7.15,7.4,7.15,7.2,30000000,0.0070
228,2013-5-9,7.25,7.25,7.1,7.2,30260000,0.0000
229,2013-5-10,7.1,7.15,6.8,6.95,2130000,-0.0347
230,2013-5-13,6.85,7,6.8,6.9,4880000,-0.0072
231,2013-5-14,6.95,7.2,6.95,7.1,10310000,0.0290
232,2013-5-15,7.2,7.55,7.15,7.35,60050000,0.0352
233,2013-5-16,7.3,7.3,7.2,7.25,8850000,-0.0136
234,2013-5-17,7.25,7.25,7.1,7.15,6270000,-0.0138
235,2013-5-20,7.1,7.15,7,7,1830000,-0.0210
236,2013-5-21,7,7.2,7,7.1,14330000,0.0143
237,2013-5-22,7.1,7.2,7.05,7.15,23900000,0.0070
238,2013-5-23,7.1,7.1,7,7.05,10230000,-0.0140
239,2013-5-24,7,7.1,6.9,7,5190000,-0.0071
240,2013-5-27,7,7.05,6.65,7,4150000,0.0000
241,2013-5-28,7,7.15,7,7.05,5790000,0.0071
242,2013-5-29,7.05,7.25,7.05,7.15,9110000,0.0142
243,2013-5-30,7.15,7.3,7.15,7.25,17700000,0.0140
244,2013-5-31,7.25,7.3,7.2,7.25,33110000,0.0000
245,2013-6-3,7.2,7.25,7.15,7.2,34150000,-0.0069
246,2013-6-4,7.2,7.2,7.05,7.1,70200000,-0.0139
247,2013-6-5,7.05,7.2,7.05,7.1,72390000,0.0000
248,2013-6-6,7.1,7.25,7.1,7.15,8190000,0.0070
249,2013-6-7,7.2,7.25,7.2,7.2,4140000,0.0070
250,2013-6-10,7.2,7.35,7.2,7.25,5530000,0.0069
251,2013-6-11,7.25,7.45,7.25,7.35,16510000,0.0138
252,2013-6-12,7.35,7.45,7.3,7.35,7460000,0.0000
253,2013-6-13,7.35,7.4,7.2,7.3,26270000,-0.0068
254,2013-6-14,7.2,7.2,6.6,7,12910000,-0.0411
255,2013-6-17,7,7,6.5,6.7,24970000,-0.0429
256,2013-6-18,6.8,7,6.8,6.9,2250000,0.0299
257,2013-6-19,6.9,7,6.9,6.95,58650000,0.0072
258,2013-6-20,6.95,6.95,6.7,6.9,55240000,-0.0072
259,2013-6-21,6.85,6.85,6.7,6.75,19160000,-0.0217
260,2013-6-24,6.75,6.75,6.65,6.7,2140000,-0.0074
261,2013-6-25,6.7,6.8,6.65,6.75,16330000,0.0075
262,2013-6-26,6.65,6.75,6.6,6.65,3010000,-0.0148
263,2013-6-27,6.6,6.65,6.45,6.5,28680000,-0.0226
264,2013-6-28,6.5,6.65,6.45,6.55,3530000,0.0077
265,2013-7-1,6.5,6.6,6.35,6.45,8280000,-0.0153
266,2013-7-2,6.4,6.5,6.15,6.4,26430000,-0.0078
267,2013-7-3,6.4,6.5,6.25,6.35,23660000,-0.0078
268,2013-7-4,6.4,6.6,6.3,6.45,7170000,0.0157
269,2013-7-5,6.45,6.85,6.45,6.75,14030000,0.0465
270,2013-7-8,6.75,6.8,6.55,6.75,33750000,0.0000
271,2013-7-9,6.7,6.75,6.6,6.7,7490000,-0.0074
272,2013-7-10,6.7,6.85,6.65,6.75,20350000,0.0075
273,2013-7-11,6.75,7,6.75,6.9,1570000,0.0222
274,2013-7-12,6.9,7.15,6.9,7.05,37890000,0.0217
275,2013-7-15,7.1,7.5,7.1,7.3,13520000,0.0355
276,2013-7-16,7.3,7.5,7.3,7.4,7010000,0.0137
277,2013-7-17,7.55,7.55,7.2,7.35,38640000,-0.0068
278,2013-7-18,7.3,7.45,7.2,7.3,15680000,-0.0068
279,2013-7-19,7.35,7.35,7.2,7.25,4640000,-0.0068
280,2013-7-22,7.25,7.3,7,7.1,6960000,-0.0207
281,2013-7-23,7.1,7.1,7,7,21680000,-0.0141
282,2013-7-24,7,7.2,7,7.05,5060000,0.0071
283,2013-7-25,7.05,7.2,7.05,7.05,12050000,0.0000
284,2013-7-26,7.05,7.3,7.05,7.15,1340000,0.0142
285,2013-7-29,7.15,7.3,7.15,7.15,10210000,0.0000
286,2013-7-30,7.15,7.35,7.15,7.25,12130000,0.0140
287,2013-7-31,7.3,7.35,7.2,7.3,13750000,0.0069
288,2013-8-1,7.2,7.3,7.2,7.25,8040000,-0.0068
289,2013-8-2,7.3,7.35,7.25,7.25,9790000,0.0000
290,2013-8-5,7.25,7.35,7.1,7.3,11570000,0.0069
291,2013-8-6,7.3,7.35,7.3,7.3,1810000,0.0000
292,2013-8-7,7.3,7.5,7.3,7.4,4230000,0.0137
293,2013-8-8,7.4,8,7.4,7.7,13820000,0.0405
294,2013-8-12,7.7,8,7.5,7.85,9460000,0.0195
295,2013-8-13,7.65,7.75,7.65,7.65,3470000,-0.0255
296,2013-8-14,7.65,7.85,7.65,7.75,21900000,0.0131
297,2013-8-15,7.7,8,7.7,7.9,16760000,0.0194
298,2013-8-16,7.9,8.15,7.9,8.05,23900000,0.0190
299,2013-8-19,8.05,8.25,8,8.15,22200000,0.0124
300,2013-8-20,8.15,8.25,8.15,8.2,9690000,0.0061
301,2013-8-21,8.2,8.2,8,8.05,11970000,-0.0183
302,2013-8-22,8,8.05,7.85,7.95,5170000,-0.0124
303,2013-8-23,7.9,7.95,7.85,7.9,3250000,-0.0063
304,2013-8-26,7.95,8,7.9,7.9,17780000,0.0000
305,2013-8-27,7.9,7.95,7.65,7.75,9070000,-0.0190
306,2013-8-28,7.75,7.75,7.45,7.5,28180000,-0.0323
307,2013-8-29,7.5,7.8,7.45,7.65,86800,0.0200
308,2013-8-30,7.7,7.8,7.6,7.7,14220000,0.0065
309,2013-9-2,7.7,7.8,7.6,7.65,1300000,-0.0065
310,2013-9-3,7.7,7.85,7.7,7.75,2800000,0.0131
311,2013-9-4,7.75,7.85,7.7,7.8,12540000,0.0065
312,2013-9-5,7.75,7.9,7.75,7.85,4950000,0.0064
313,2013-9-6,7.75,7.9,7.75,7.85,36500000,0.0000
314,2013-9-9,7.85,8.25,7.8,8.05,11180000,0.0255
315,2013-9-10,8.1,8.15,8.05,8.1,7020000,0.0062
316,2013-9-11,8.1,8.15,8.05,8.05,15400000,-0.0062
317,2013-9-12,8.05,8.15,8.05,8.05,14290000,0.0000
318,2013-9-13,7.95,8.1,7.8,8,13660000,-0.0062
319,2013-9-16,8.05,8.15,8.05,8.1,13320000,0.0125
320,2013-9-17,8.1,8.25,8.1,8.15,21740000,0.0062
321,2013-9-18,8.2,8.3,8.2,8.2,7850000,0.0061
322,2013-9-19,8.2,8.45,8.2,8.35,6290000,0.0183
323,2013-9-20,8.35,8.7,8.35,8.5,16940000,0.0180
324,2013-9-23,8.5,8.5,8.2,8.35,9330000,-0.0176
325,2013-9-24,8.2,8.35,8.2,8.25,31570000,-0.0120
326,2013-9-25,8.3,8.45,8.3,8.4,29900000,0.0182
327,2013-9-26,8.35,8.5,8.3,8.35,8200000,-0.0060
328,2013-9-27,8.35,8.4,8.25,8.35,7270000,0.0000
329,2013-9-30,8.35,8.7,8.25,8.5,7220000,0.0180
330,2013-10-1,8.5,8.75,8.5,8.7,1820000,0.0235
331,2013-10-2,8.55,8.95,8.55,8.75,14190000,0.0057
332,2013-10-3,8.7,9,8.7,8.9,16370000,0.0171
333,2013-10-4,8.9,8.95,8.9,8.9,15070000,0.0000
334,2013-10-7,8.9,9.25,8.9,9.1,28540000,0.0225
335,2013-10-8,9.2,9.5,9.2,9.4,28030000,0.0330
336,2013-10-9,9.3,9.4,9.1,9.1,25060000,-0.0319
337,2013-10-10,9.15,9.15,8.8,9,39750000,-0.0110
338,2013-10-11,9,9.1,8.95,9,62120000,0.0000
339,2013-10-14,9,9.25,9,9.05,26200000,0.0056
340,2013-10-15,9.1,9.2,9.1,9.15,25160000,0.0110
341,2013-10-16,9.2,9.25,9.1,9.15,15950000,0.0000
342,2013-10-17,9.15,9.2,9.05,9.1,4020000,-0.0055
343,2013-10-18,9.1,9.15,9.05,9.1,21020000,0.0000
344,2013-10-22,9.1,9.15,8.85,8.95,3800000,-0.0165
345,2013-10-23,8.5,9.1,8.2,9.05,45100000,0.0112
346,2013-10-24,9.05,9.1,8.8,9.05,36330000,0.0000
347,2013-10-25,9,9.05,8.9,9,10870000,-0.0055
348,2013-10-28,9,9.1,8.95,9,2190000,0.0000
349,2013-10-30,9.05,9.4,9.05,9.25,18020000,0.0278
350,2013-10-31,9.25,9.7,9.25,9.45,15880000,0.0216
351,2013-11-1,9.5,9.7,9.5,9.55,3390000,0.0106
352,2013-11-4,9.55,9.9,9.5,9.7,15070000,0.0157
353,2013-11-5,9.7,9.8,9.3,9.65,16230000,-0.0052
354,2013-11-6,9.7,10.2,9.45,9.7,42030000,0.0052
355,2013-11-7,9.45,9.95,9.45,9.85,23780000,0.0155
356,2013-11-8,9.85,9.95,9.6,9.75,13600000,-0.0102
357,2013-11-11,9.65,9.9,9.5,9.8,7120000,0.0051
358,2013-11-12,9.85,9.9,9.75,9.8,9920000,0.0000
359,2013-11-13,9.8,10,9.75,9.8,5730000,0.0000
360,2013-11-14,9.8,9.95,9.8,9.85,16210000,0.0051
361,2013-11-15,9.9,9.95,9.8,9.85,8730000,0.0000
362,2013-11-18,9.85,10,9.85,9.9,6520000,0.0051
363,2013-11-19,9.85,10.1,9.85,9.95,8030000,0.0051
364,2013-11-20,10,10.3,9.95,10.05,6700000,0.0101
365,2013-11-21,10.2,10.75,10.2,10.6,22970000,0.0547
366,2013-11-22,10.6,10.9,10.6,10.75,33610000,0.0142
367,2013-11-25,10.8,11.05,10.8,10.95,13830000,0.0186
368,2013-11-26,11,11.1,10.95,11,53180000,0.0046
369,2013-11-27,11,11.2,10.95,11,9020000,0.0000
370,2013-11-28,11.05,11.1,10.9,11,9100000,0.0000
371,2013-11-29,10.9,10.95,10.6,10.8,2620000,-0.0182
372,2013-12-2,10.7,11,10.55,10.85,2930000,0.0046
373,2013-12-3,10.95,11,10.75,10.8,9110000,-0.0046
374,2013-12-4,10.75,10.85,10.55,10.75,12500000,-0.0046
375,2013-12-5,10.7,10.7,10,10.35,24090000,-0.0372
376,2013-12-6,10.4,10.5,10.2,10.35,16080000,0.0000
377,2013-12-9,10.3,10.4,10.25,10.35,12760000,0.0000
378,2013-12-10,10.25,10.35,10.1,10.2,23970000,-0.0145
379,2013-12-11,10.2,10.2,9.9,10.05,26980000,-0.0147
380,2013-12-16,9.9,10.1,9.6,10,15650000,-0.0050
381,2013-12-17,9.9,10,9.7,9.85,22460000,-0.0150
382,2013-12-18,9.9,10,9.85,9.95,15350000,0.0102
383,2013-12-19,10,10.1,9.95,10,16590000,0.0050
384,2013-12-20,10,10.15,10,10.05,8710000,0.0050
385,2013-12-23,10.15,10.5,10.1,10.25,2640000,0.0199
386,2013-12-24,10.4,11,10.4,10.85,2990000,0.0585
387,2013-12-27,10.55,10.9,10.55,10.75,7550000,-0.0092
388,2013-12-30,10.75,11,10.6,10.85,11070000,0.0093
389,2013-12-31,10.95,10.95,10.8,10.85,2460000,0.0000
390,2014-1-2,10.9,10.9,10.6,10.75,3510000,-0.0092
391,2014-1-3,10.8,10.95,10.75,10.8,2710000,0.0047
392,2014-1-6,10.9,11.15,10.8,11.05,9520000,0.0231
393,2014-1-7,11,11.15,11,11.1,5570000,0.0045
394,2014-1-8,11.1,11.65,11.1,11.35,6690000,0.0225
395,2014-1-9,11.6,11.95,11.55,11.7,24760000,0.0308
396,2014-1-10,11.8,11.95,11.45,11.75,33430000,0.0043
397,2014-1-13,11.6,11.75,11.35,11.65,19460000,-0.0085
398,2014-1-14,11.7,11.75,11.45,11.65,5700000,0.0000
399,2014-1-15,11.7,11.75,11.35,11.7,8770000,0.0043
400,2014-1-16,11.7,11.75,11.4,11.5,9560000,-0.0171
401,2014-1-17,11.55,11.6,11.5,11.5,1930000,0.0000
402,2014-1-20,11.5,11.8,11.4,11.7,7600000,0.0174
403,2014-1-21,11.7,12,11.65,11.75,11310000,0.0043
404,2014-1-22,11.75,12.1,11.75,12,10580000,0.0213
405,2014-1-23,12,12.2,11.95,12.05,9790000,0.0042
406,2014-1-24,12.2,12.8,12.2,12.45,16040000,0.0332
407,2014-1-27,12.45,12.6,12.25,12.35,43170000,-0.0080
408,2014-1-28,12.3,12.4,12,12.05,10100000,-0.0243
409,2014-1-29,12.05,12.05,11.75,11.85,14130000,-0.0166
410,2014-1-30,11.6,11.8,11.4,11.5,16650000,-0.0295
411,2014-1-31,11.45,11.45,10.6,11,12360000,-0.0435
412,2014-2-3,11,11.4,11,11.2,15520000,0.0182
413,2014-2-4,11.35,11.5,11.3,11.35,6650000,0.0134
414,2014-2-5,11.3,11.85,11.3,11.45,2270000,0.0088
415,2014-2-6,11.5,12.05,11.5,11.95,28880000,0.0437
416,2014-2-7,11.95,12,11.75,11.85,8470000,-0.0084
417,2014-2-10,11.85,11.85,11.55,11.75,12190000,-0.0084
418,2014-2-11,11.85,11.85,11.7,11.8,14580000,0.0043
419,2014-2-12,11.75,11.95,11.75,11.8,5420000,0.0000
420,2014-2-13,11.8,11.8,11.65,11.7,15770000,-0.0085
421,2014-2-14,11.8,12,11.7,11.8,2460000,0.0085
422,2014-2-17,11.8,11.85,11.5,11.65,9360000,-0.0127
423,2014-2-18,11.65,11.65,11.45,11.55,6680000,-0.0086
424,2014-2-19,11.6,11.6,11.35,11.4,10000000,-0.0130
425,2014-2-20,11.4,11.5,11.3,11.4,15920000,0.0000
426,2014-2-21,11.4,11.5,11.35,11.4,11720000,0.0000
427,2014-2-24,11.35,11.5,11.35,11.45,9230000,0.0044
428,2014-2-25,11.4,11.75,11.4,11.55,10630000,0.0087
429,2014-2-26,11.65,11.75,11.55,11.65,6330000,0.0087
430,2014-2-27,11.7,11.8,11.55,11.65,5140000,0.0000
431,2014-2-28,11.75,11.8,11.65,11.7,19980000,0.0043
432,2014-3-3,11.75,11.75,11.65,11.7,2950000,0.0000
433,2014-3-4,11.7,11.8,11.7,11.7,5000000,0.0000
434,2014-3-5,11.7,11.8,11.65,11.7,16390000,0.0000
435,2014-3-6,11.7,11.9,11.7,11.8,27450000,0.0085
436,2014-3-7,11.7,11.85,11.7,11.75,11850000,-0.0042
437,2014-3-10,11.75,11.9,11.75,11.8,7070000,0.0043
438,2014-3-11,11.75,11.9,11.75,11.8,5710000,0.0000
439,2014-3-12,11.8,12.1,11.75,11.9,3240000,0.0085
440,2014-3-13,12,12.6,12,12.35,12730000,0.0378
441,2014-3-14,12.25,12.35,12,12.05,2590000,-0.0243
442,2014-3-17,12.05,12.3,12,12.1,6350000,0.0041
443,2014-3-18,12.15,12.3,12.1,12.2,11640000,0.0083
444,2014-3-19,12.2,12.5,12.2,12.3,3060000,0.0082
445,2014-3-20,12.35,12.6,12.3,12.5,27550000,0.0163
446,2014-3-21,12.45,12.65,12.4,12.6,28830000,0.0080
447,2014-3-24,12.6,12.7,12.1,12.35,8570000,-0.0198
448,2014-3-25,12.3,12.6,12.15,12.35,3440000,0.0000
449,2014-3-26,12.5,12.6,12.3,12.45,15820000,0.0081
450,2014-3-27,12.3,12.4,12.1,12.35,3500000,-0.0080
451,2014-3-28,12.3,12.35,12.25,12.3,15320000,-0.0040
452,2014-3-31,12.35,12.4,12.3,12.35,12780000,0.0041
453,2014-4-1,12.35,12.5,12.35,12.35,2480000,0.0000
454,2014-4-2,12.4,12.5,12.35,12.4,3470000,0.0040
455,2014-4-3,12.5,12.6,12.4,12.5,15730000,0.0081
456,2014-4-4,12.4,12.5,12.35,12.4,2400000,-0.0080
457,2014-4-7,12.45,12.6,12.35,12.45,18910000,0.0040
458,2014-4-8,12.4,12.45,12.3,12.35,13670000,-0.0080
459,2014-4-9,12.3,12.5,12.3,12.45,4050000,0.0081
460,2014-4-10,12.4,13,12.4,12.75,7220000,0.0241
461,2014-4-11,13,13,12.6,12.75,123200000,0.0000
462,2014-4-14,12.75,13,12.7,12.85,22420000,0.0078
463,2014-4-15,12.9,13.3,12.8,13.1,12530000,0.0195
464,2014-4-16,13.15,13.4,13.1,13.2,11280000,0.0076
465,2014-4-17,13.1,13.3,13.1,13.2,3060000,0.0000
466,2014-4-22,13.2,13.3,13.1,13.2,11640000,0.0000
467,2014-4-23,13.1,13.1,12.9,13,14450000,-0.0152
468,2014-4-24,13,13.3,13,13.2,8280000,0.0154
469,2014-4-25,13.15,13.2,13,13.05,28500000,-0.0114
470,2014-4-28,13.05,13.1,13,13.05,4090000,0.0000
471,2014-4-29,13.05,13.2,13,13.05,3300000,0.0000
472,2014-4-30,13.1,13.2,13.1,13.1,69200000,0.0038
473,2014-5-2,13.1,13.2,13.05,13.1,6020000,0.0000
474,2014-5-5,13.05,13.1,12.85,13,13780000,-0.0076
475,2014-5-6,13,13,12.7,12.8,28680000,-0.0154
476,2014-5-7,12.8,13,12.75,12.9,17360000,0.0078
477,2014-5-8,12.85,13,12.75,12.8,27770000,-0.0078
478,2014-5-9,12.9,13.05,12.75,12.85,36350000,0.0039
479,2014-5-12,12.8,13,12.8,12.9,4140000,0.0039
480,2014-5-13,13,13.1,12.75,12.85,11950000,-0.0039
481,2014-5-14,12.9,12.9,12.1,12.6,12960000,-0.0195
482,2014-5-15,12.65,12.7,12.5,12.6,21420000,0.0000
483,2014-5-16,12.7,13.2,12.65,12.85,57810000,0.0198
484,2014-5-19,13,13.1,12.9,13,3510000,0.0117
485,2014-5-20,13,13.1,12.95,13.05,12050000,0.0038
486,2014-5-21,13,13.2,13,13.05,55250000,0.0000
487,2014-5-22,13.05,13.1,12.85,13,6090000,-0.0038
488,2014-5-23,12.85,13.05,12.75,12.95,2740000,-0.0038
489,2014-5-26,13,13.05,13,13,2210000,0.0039
490,2014-5-27,13,13.05,12.95,13,17520000,0.0000
491,2014-5-28,12.95,13,12.9,12.95,23770000,-0.0038
492,2014-5-29,12.95,13.05,12.9,13,29630000,0.0039
493,2014-5-30,13,13.1,12.9,12.95,16310000,-0.0038
494,2014-6-3,12.95,12.95,12.7,12.8,44050000,-0.0116
495,2014-6-4,12.8,12.9,12.8,12.8,19830000,0.0000
496,2014-6-5,12.95,12.95,12.8,12.8,31260000,0.0000
497,2014-6-6,12.8,12.95,12.8,12.8,1600000,0.0000
498,2014-6-9,12.8,12.95,12.8,12.85,16150000,0.0039
499,2014-6-10,12.8,12.9,12.8,12.85,19400000,0.0000
500,2014-6-11,12.8,13.05,12.8,12.9,11000000,0.0039
501,2014-6-12,12.9,13,12.85,12.95,15640000,0.0039
502,2014-6-13,12.95,13,12.85,12.9,4040000,-0.0039
503,2014-6-16,12.9,12.95,12.8,12.85,1410000,-0.0039
504,2014-6-17,12.8,12.9,12.8,12.85,14530000,0.0000
505,2014-6-18,12.85,12.9,12.7,12.8,44460000,-0.0039
506,2014-6-19,12.8,12.85,12.55,12.8,8810000,0.0000
507,2014-6-20,12.8,12.9,12.75,12.8,16250000,0.0000
508,2014-6-23,12.8,12.85,12.75,12.8,8830000,0.0000
509,2014-6-24,12.8,12.8,12.5,12.65,19780000,-0.0117
510,2014-6-25,12.6,12.7,12,12.55,17580000,-0.0079
511,2014-6-26,12.2,12.5,12.2,12.4,24170000,-0.0120
512,2014-6-27,12.35,12.55,12.35,12.45,22860000,0.0040
513,2014-6-30,12.5,12.6,12.45,12.45,6480000,0.0000
514,2014-7-1,12.5,13,12.5,12.65,17980000,0.0161
515,2014-7-2,12.7,13.05,12.55,12.95,17910000,0.0237
516,2014-7-3,12.65,12.8,12.55,12.75,1590000,-0.0154
517,2014-7-4,12.7,12.8,12.65,12.7,1790000,-0.0039
518,2014-7-7,12.75,12.9,12.7,12.75,24370000,0.0039
519,2014-7-8,12.75,12.95,12.7,12.75,67820000,0.0000
520,2014-7-9,12.75,12.85,12.65,12.7,6320000,-0.0039
521,2014-7-10,12.75,12.75,12.5,12.55,10890000,-0.0118
522,2014-7-11,12.6,12.6,12.2,12.4,2340000,-0.0120
523,2014-7-14,12.45,12.5,12.3,12.35,11880000,-0.0040
524,2014-7-15,12.4,12.45,12.3,12.3,8040000,-0.0040
525,2014-7-16,12.3,12.35,12.1,12.15,12250000,-0.0122
526,2014-7-17,12.2,12.2,12,12.05,24870000,-0.0082
527,2014-7-18,12.05,12.25,12.05,12.1,15450000,0.0041
528,2014-7-21,12.1,12.15,11.85,12,26140000,-0.0083
529,2014-7-22,11.9,12.05,11.75,11.95,19820000,-0.0042
530,2014-7-23,12,12.1,12,12.05,9100000,0.0084
531,2014-7-24,12,12.1,12,12,4180000,-0.0041
532,2014-7-25,12,12.35,12,12.2,24480000,0.0167
533,2014-7-28,12.3,12.3,11.9,12,4540000,-0.0164
534,2014-7-30,12,12.1,11.95,12.05,10490000,0.0042
535,2014-7-31,12.05,12.4,12.05,12.2,5110000,0.0124
536,2014-8-1,12.25,12.6,12.25,12.45,6180000,0.0205
537,2014-8-4,12.6,12.7,12.45,12.5,4690000,0.0040
538,2014-8-5,12.5,13,12.5,12.6,22650000,0.0080
539,2014-8-6,12.6,13,12.6,12.95,11490000,0.0278
540,2014-8-7,12.9,12.95,12.5,12.9,16410000,-0.0039
541,2014-8-8,12.7,12.9,12.55,12.8,5820000,-0.0078
542,2014-8-11,12.6,12.85,12.6,12.75,3690000,-0.0039
543,2014-8-12,12.6,12.95,12.6,12.8,4410000,0.0039
544,2014-8-13,12.8,12.85,12.65,12.75,2960000,-0.0039
545,2014-8-14,12.75,12.9,12.65,12.8,7310000,0.0039
546,2014-8-15,12.8,12.8,12.65,12.7,1020000,-0.0078
547,2014-8-18,12.7,12.85,12.7,12.75,26880000,0.0039
548,2014-8-19,12.7,12.8,12.65,12.75,9190000,0.0000
549,2014-8-20,12.75,12.9,12.75,12.8,7310000,0.0039
550,2014-8-21,12.75,12.85,12.75,12.75,20900000,-0.0039
551,2014-8-22,12.75,12.8,12.7,12.75,30160000,0.0000
552,2014-8-25,12.75,12.8,12.7,12.75,2580000,0.0000
553,2014-8-26,12.75,12.8,12.75,12.75,1720000,0.0000
554,2014-8-27,12.75,12.85,12.7,12.75,30990000,0.0000
555,2014-8-28,12.75,12.85,12.7,12.75,1980000,0.0000
556,2014-8-29,12.75,13.05,12.75,12.95,13570000,0.0157
557,2014-9-1,13.1,13.3,12.95,13.15,2740000,0.0154
558,2014-9-2,13.05,13.4,13,13.2,8680000,0.0038
559,2014-9-3,13.2,13.5,13.2,13.4,12300000,0.0152
560,2014-9-4,13.4,13.4,13.1,13.2,6150000,-0.0149
561,2014-9-5,13.15,13.35,13.1,13.2,1140000,0.0000
562,2014-9-8,13.2,13.35,13.2,13.25,3960000,0.0038
563,2014-9-9,13.3,13.3,13.2,13.25,10160000,0.0000
564,2014-9-10,13.25,13.25,13,13.15,13200000,-0.0075
565,2014-9-11,13.05,13.15,12.85,12.95,10950000,-0.0152
566,2014-9-12,12.5,13,12.5,12.9,12280000,-0.0039
567,2014-9-15,12.9,13,12.85,12.9,16070000,0.0000
568,2014-9-16,12.95,12.95,12.8,12.85,15420000,-0.0039
569,2014-9-17,12.8,12.8,12.15,12.5,30420000,-0.0272
570,2014-9-18,12.5,12.7,12.5,12.6,6210000,0.0080
571,2014-9-19,12.6,12.7,12.5,12.6,30920000,0.0000
572,2014-9-22,12.55,12.65,12.5,12.6,28530000,0.0000
573,2014-9-23,12.6,12.65,12.5,12.55,9410000,-0.0040
574,2014-9-24,12.6,12.65,12.5,12.55,9580000,0.0000
575,2014-9-25,12.55,12.65,12.55,12.6,5590000,0.0040
576,2014-9-26,12.65,12.75,12.6,12.7,12570000,0.0079
577,2014-9-29,12.7,13.05,12.65,12.85,7490000,0.0118
578,2014-9-30,12.8,13,12.75,12.9,11740000,0.0039
579,2014-10-1,12.95,13,12.8,12.95,4430000,0.0039
580,2014-10-2,12.95,12.95,12.75,12.75,5930000,-0.0154
581,2014-10-3,12.75,12.85,12,12.7,4370000,-0.0039
582,2014-10-6,12.9,12.9,12.6,12.65,834100,-0.0039
583,2014-10-7,12.7,12.9,12.6,12.75,3250000,0.0079
584,2014-10-8,12.8,13,12.7,12.85,2550000,0.0078
585,2014-10-9,12.9,12.95,12.75,12.85,6910000,0.0000
586,2014-10-10,12.8,12.85,12.75,12.8,6560000,-0.0039
587,2014-10-13,12.75,12.8,12.7,12.75,12040000,-0.0039
588,2014-10-14,12.75,12.75,12.65,12.65,6840000,-0.0078
589,2014-10-15,12.8,12.8,12.5,12.55,1780000,-0.0079
590,2014-10-16,12.55,12.6,12.5,12.5,5600000,-0.0040
591,2014-10-17,12.5,12.5,12,12.15,3330000,-0.0280
592,2014-10-21,12,12.5,11.85,12.15,13730000,0.0000
593,2014-10-22,12.4,12.55,12.3,12.45,5350000,0.0247
594,2014-10-23,12.5,12.6,12.5,12.55,10690000,0.0080
595,2014-10-24,12.45,12.5,12.05,12.25,2790000,-0.0239
596,2014-10-27,12.3,12.5,12.15,12.2,4550000,-0.0041
597,2014-10-28,12.05,12.2,12.05,12.1,11880000,-0.0082
598,2014-10-29,12.1,12.3,12.1,12.15,8940000,0.0041
599,2014-10-30,12.2,12.25,12.1,12.15,6570000,0.0000
600,2014-10-31,12.1,12.3,12.1,12.15,6240000,0.0000
601,2014-11-3,12.15,12.3,12.15,12.2,7190000,0.0041
602,2014-11-4,12.2,12.25,12.15,12.2,4150000,0.0000
603,2014-11-5,12.25,13,12.2,12.7,14620000,0.0410
604,2014-11-6,12.2,13,12.2,12.8,25780000,0.0079
605,2014-11-7,12.7,13.1,12.7,12.95,17540000,0.0117
606,2014-11-10,12.9,13.05,12.45,12.95,9210000,0.0000
607,2014-11-11,12.8,13.05,12.75,13,3310000,0.0039
608,2014-11-12,13,13.55,12.8,13.35,24900000,0.0269
609,2014-11-13,13.5,13.75,13,13.55,6790000,0.0150
610,2014-11-14,13.5,13.85,13.3,13.7,6000000,0.0111
611,2014-11-17,13.6,13.85,13.5,13.75,1220000,0.0036
612,2014-11-18,13.75,13.85,13.6,13.75,4210000,0.0000
613,2014-11-19,13.8,13.85,13.55,13.7,14860000,-0.0036
614,2014-11-20,13.55,13.7,13.55,13.65,110580000,-0.0036
615,2014-11-21,13.6,13.65,13.5,13.6,12540000,-0.0037
616,2014-11-24,13.5,13.65,13,13.45,1390000,-0.0110
617,2014-11-25,13.45,13.65,13.2,13.55,17660000,0.0074
618,2014-11-26,13.6,13.95,13.3,13.8,12090000,0.0185
619,2014-11-27,13.75,14,13.6,13.9,7150000,0.0072
620,2014-11-28,13.95,13.95,13.7,13.8,12070000,-0.0072
621,2014-12-1,14,14,13.8,13.9,6080000,0.0072
622,2014-12-2,13.8,14,13.8,13.95,8610000,0.0036
623,2014-12-3,13.95,14.65,13.95,14.2,20750000,0.0179
624,2014-12-4,14.35,14.7,14.1,14.55,4820000,0.0246
625,2014-12-5,14.6,14.95,14.6,14.8,5340000,0.0172
626,2014-12-8,14.75,15.15,14.7,15,36780000,0.0135
627,2014-12-9,15.1,15.15,14.9,15,22230000,0.0000
628,2014-12-10,15,15,14.3,14.65,9360000,-0.0233
629,2014-12-11,14.5,14.65,14,14.05,18900000,-0.0410
630,2014-12-15,14.05,14.5,13.75,13.95,13570000,-0.0071
631,2014-12-16,13.95,14.05,13.8,13.9,45890000,-0.0036
632,2014-12-17,13.9,13.95,13.3,13.4,32760000,-0.0360
633,2014-12-18,13.85,13.85,13.25,13.35,6320000,-0.0037
634,2014-12-19,13.4,13.7,13.3,13.5,24440000,0.0112
635,2014-12-22,13.4,13.6,13.35,13.45,10430000,-0.0037
636,2014-12-23,13.45,14.05,13.45,13.9,6460000,0.0335
637,2014-12-24,13.8,14.1,13.8,14,4560000,0.0072
638,2014-12-29,14,14.2,14,14.05,19250000,0.0036
639,2014-12-30,14.1,14.25,14,14.1,15520000,0.0036
640,2014-12-31,14.15,14.15,14,14.05,7610000,-0.0035
641,2015-1-2,14.1,14.5,14.05,14.15,8650000,0.0071
642,2015-1-5,14.15,14.3,14,14.05,2560000,-0.0071
643,2015-1-6,14,14.1,13.8,13.9,11810000,-0.0107
644,2015-1-7,14,14,13.8,13.9,5020000,0.0000
645,2015-1-8,13.85,13.9,13.6,13.75,3750000,-0.0108
646,2015-1-9,13.7,13.85,13,13.75,2160000,0.0000
647,2015-1-12,13.75,14.05,13.75,13.85,2370000,0.0073
648,2015-1-13,14.05,15,14,14.7,1350000,0.0614
649,2015-1-14,14.2,15,14.2,14.85,10800000,0.0102
650,2015-1-15,14.8,14.85,14.5,14.6,9220000,-0.0168
651,2015-1-16,14.6,14.9,14.5,14.85,5720000,0.0171
652,2015-1-19,14.85,14.85,14.35,14.55,1590000,-0.0202
653,2015-1-20,14.5,14.5,13.9,13.95,14470000,-0.0412
654,2015-1-21,14.85,14.85,14.1,14.2,7500000,0.0179
655,2015-1-22,14.2,14.5,14.1,14.2,3670000,0.0000
656,2015-1-23,14.3,14.3,14.1,14.15,14170000,-0.0035
657,2015-1-26,14.2,14.2,14,14,7050000,-0.0106
658,2015-1-27,14,14.2,14,14.1,5270000,0.0071
659,2015-1-28,14.15,14.3,14.1,14.15,8610000,0.0035
660,2015-1-29,14.15,14.2,14.1,14.1,7360000,-0.0035
661,2015-1-30,14.1,14.25,14.1,14.15,9100000,0.0035
662,2015-2-2,14.1,14.3,14.1,14.25,14710000,0.0071
663,2015-2-3,14.25,14.5,14.2,14.3,1890000,0.0035
664,2015-2-4,14.3,14.75,14.3,14.45,2270000,0.0105
665,2015-2-5,14.6,14.75,14.45,14.55,8380000,0.0069
666,2015-2-6,14.45,14.7,14.45,14.55,5470000,0.0000
667,2015-2-9,14.5,15,14.5,14.8,13760000,0.0172
668,2015-2-10,14.8,14.95,14.5,14.8,11690000,0.0000
669,2015-2-11,14.8,14.95,14.6,14.85,12590000,0.0034
670,2015-2-12,14.85,14.9,14.5,14.75,10560000,-0.0067
671,2015-2-13,14.85,14.95,14.85,14.85,25000000,0.0068
672,2015-2-16,14.8,14.95,14.8,14.85,1320000,0.0000
673,2015-2-17,14.85,14.9,14.8,14.85,3230000,0.0000
674,2015-2-18,14.85,15.1,14.85,14.95,6540000,0.0067
675,2015-2-19,15,15.3,15,15.15,3820000,0.0134
676,2015-2-20,15.15,15.5,15.15,15.35,5610000,0.0132
677,2015-2-23,15.35,15.7,15.35,15.45,4370000,0.0065
678,2015-2-24,15.55,15.95,15.55,15.7,6850000,0.0162
679,2015-2-25,15.8,16,15.7,15.9,33860000,0.0127
680,2015-2-26,16,16,15.6,15.75,5680000,-0.0094
681,2015-2-27,15.75,15.9,15.75,15.8,9110000,0.0032
682,2015-3-2,15.85,16,15.25,15.65,5210000,-0.0095
683,2015-3-3,15.45,15.65,15.3,15.4,30440000,-0.0160
684,2015-3-4,15.4,16,15.35,15.45,22040000,0.0032
685,2015-3-5,15.65,15.8,15.55,15.7,3840000,0.0162
686,2015-3-6,15.7,15.95,15.6,15.8,5830000,0.0064
687,2015-3-9,15.7,15.8,15.4,15.55,6600000,-0.0158
688,2015-3-10,15.55,15.85,15.55,15.75,8940000,0.0129
689,2015-3-11,15.75,16,15.75,15.85,3250000,0.0063
690,2015-3-12,15.95,16,15.8,15.95,9550000,0.0063
691,2015-3-13,15.9,16,15.5,15.8,6920000,-0.0094
692,2015-3-16,15.75,15.8,15.6,15.65,11980000,-0.0095
693,2015-3-17,15.7,15.75,15,15.6,6760000,-0.0032
694,2015-3-18,15.65,15.9,15.65,15.75,6760000,0.0096
695,2015-3-19,15.75,15.95,15.75,15.9,4480000,0.0095
696,2015-3-20,15.85,15.95,15.8,15.85,5860000,-0.0031
697,2015-3-23,15.85,16,15.85,15.9,4800000,0.0032
698,2015-3-24,15.95,16.1,15.95,16,6650000,0.0063
699,2015-3-25,16,16.25,16,16.1,3170000,0.0063
700,2015-3-26,16.1,17,16.1,16.45,20190000,0.0217
701,2015-3-27,16.7,17.5,16.5,16.6,2840000,0.0091
702,2015-3-30,16.7,16.95,16.5,16.7,5050000,0.0060
703,2015-3-31,16.85,17.4,16.8,17.05,6060000,0.0210
704,2015-4-1,17.2,17.4,16.8,17,23450000,-0.0029
705,2015-4-2,17,17.05,15.85,16.6,10230000,-0.0235
706,2015-4-7,16.6,16.6,15.75,15.9,25350000,-0.0422
707,2015-4-8,15.9,16.2,15.85,15.95,20210000,0.0031
708,2015-4-9,16.4,16.5,16.15,16.35,16650000,0.0251
709,2015-4-10,16.35,16.35,15.75,15.9,30230000,-0.0275
710,2015-4-13,16.1,16.35,15.9,16,1190000,0.0063
711,2015-4-14,16.05,16.35,16,16.1,5470000,0.0063
712,2015-4-15,16.1,16.5,16.05,16.3,2170000,0.0124
713,2015-4-16,16.4,17,16.35,16.75,2940000,0.0276
714,2015-4-17,17,17.5,16.65,17.2,13010000,0.0269
715,2015-4-20,17.3,17.4,17,17.25,5350000,0.0029
716,2015-4-21,17.3,17.4,17.05,17.2,5580000,-0.0029
717,2015-4-22,17.2,17.2,17,17.05,4110000,-0.0087
718,2015-4-23,17.05,17.4,17.05,17.2,8080000,0.0088
719,2015-4-24,17.25,17.4,17.15,17.3,14060000,0.0058
720,2015-4-27,17.3,17.3,17.05,17.1,2990000,-0.0116
721,2015-4-28,17.05,17.4,17,17.2,1660000,0.0058
722,2015-4-29,17.4,17.5,17.2,17.3,25200000,0.0058
723,2015-4-30,17.3,17.5,17.3,17.4,4950000,0.0058
724,2015-5-4,17.4,17.5,17.35,17.45,6840000,0.0029
725,2015-5-5,17.45,17.65,17.4,17.5,4540000,0.0029
726,2015-5-6,17.5,17.9,17.5,17.55,11930000,0.0029
727,2015-5-7,17.55,17.7,16.95,17.15,19810000,-0.0228
728,2015-5-8,17.55,17.55,16.95,17.05,29260000,-0.0058
729,2015-5-11,17.05,17.15,16.75,16.9,10930000,-0.0088
730,2015-5-12,16.9,16.9,16.25,16.65,17860000,-0.0148
731,2015-5-13,16.5,16.5,15.85,16.1,22160000,-0.0330
732,2015-5-14,16.3,16.45,16.2,16.35,4220000,0.0155
733,2015-5-15,16.2,16.5,16.2,16.35,9940000,0.0000
734,2015-5-18,16.4,16.7,16.35,16.5,7840000,0.0092
735,2015-5-19,16.5,16.75,16.5,16.6,10560000,0.0061
736,2015-5-20,16.6,16.7,16.35,16.45,10060000,-0.0090
737,2015-5-21,16.45,16.55,16.25,16.3,8670000,-0.0091
738,2015-5-22,16.3,16.3,16.1,16.2,11530000,-0.0061
739,2015-5-25,16.3,16.3,15.95,16,11040000,-0.0123
740,2015-5-26,15.95,16,15.5,15.65,8630000,-0.0219
741,2015-5-27,15.5,15.6,15,15.2,64510000,-0.0288
742,2015-5-28,15.2,15.7,15.2,15.55,12820000,0.0230
743,2015-5-29,15.6,16.8,15.6,15.85,34340000,0.0193
744,2015-6-2,15.85,16.9,15.85,16.5,2440000,0.0410
745,2015-6-3,16.5,16.7,16.05,16.4,17790000,-0.0061
746,2015-6-4,16.45,16.7,16,16.45,11520000,0.0030
747,2015-6-5,16.3,16.65,16.1,16.35,5050000,-0.0061
748,2015-6-8,16.35,16.35,15.9,16.1,11190000,-0.0153
749,2015-6-9,16.3,16.3,16,16.05,21380000,-0.0031
750,2015-6-10,16.05,16.1,16,16.05,7370000,0.0000
751,2015-6-11,16,16.05,16,16.05,14350000,0.0000
752,2015-6-12,16.05,16.25,16.05,16.05,3420000,0.0000
753,2015-6-15,16.05,16.15,16.05,16.1,6980000,0.0031
754,2015-6-16,16.1,16.25,16,16.1,11030000,0.0000
755,2015-6-17,16.2,16.2,16,16.05,1960000,-0.0031
756,2015-6-18,16.05,16.1,16,16.05,24400000,0.0000
757,2015-6-19,16.05,16.1,16.05,16.05,11690000,0.0000
758,2015-6-22,16.1,16.7,15.9,16.35,10920000,0.0187
759,2015-6-23,16,16.1,15.9,16,11200000,-0.0214
760,2015-6-24,16.05,16.2,16.05,16.05,4050000,0.0031
761,2015-6-25,16.05,16.2,16,16.1,21430000,0.0031
762,2015-6-26,16.1,16.2,16.05,16.1,3700000,0.0000
763,2015-6-29,16.1,16.4,16.1,16.3,6020000,0.0124
764,2015-6-30,16.35,16.6,16.3,16.45,8440000,0.0092
765,2015-7-1,16.6,16.6,16.45,16.5,6560000,0.0030
766,2015-7-2,16.5,16.55,16.3,16.45,2690000,-0.0030
767,2015-7-3,16.5,16.5,16.3,16.35,295100,-0.0061
768,2015-7-6,16.35,16.5,16.2,16.35,2590000,0.0000
769,2015-7-7,16.35,16.9,16.2,16.35,2090000,0.0000
770,2015-7-8,16.45,16.6,15.9,16.15,49670000,-0.0122
771,2015-7-9,16,16.2,15.8,16,48130000,-0.0093
772,2015-7-10,15.95,16.1,15.9,16,10380000,0.0000
773,2015-7-13,16,16.1,15.85,15.85,9200000,-0.0094
774,2015-7-14,15.9,16,15.1,15.75,16840000,-0.0063
775,2015-7-15,15.7,16.5,15.1,15.7,22820000,-0.0032
776,2015-7-16,15.75,15.75,15.2,15.25,10440000,-0.0287
777,2015-7-17,15.25,15.3,15.15,15.15,9700000,-0.0066
778,2015-7-20,15.2,15.45,15.1,15.3,17720000,0.0099
779,2015-7-21,15.25,16,15.25,15.5,29230000,0.0131
780,2015-7-22,15.75,15.75,15.3,15.55,4170000,0.0032
781,2015-7-23,15.5,16,15.25,15.45,8500000,-0.0064
782,2015-7-24,15.5,15.5,15.15,15.3,17570000,-0.0097
783,2015-7-27,15.3,15.5,15.15,15.45,6620000,0.0098
784,2015-7-28,15.4,15.5,15.3,15.45,6490000,0.0000
785,2015-7-29,15.3,15.4,15.1,15.2,16520000,-0.0162
786,2015-7-30,15.25,15.25,14.9,14.95,796900,-0.0164
787,2015-7-31,15,15,14.05,14.4,15650000,-0.0368
788,2015-8-3,14.4,14.5,14.1,14.15,13960000,-0.0174
789,2015-8-4,14.15,14.2,14,14,85740000,-0.0106
790,2015-8-5,14.05,14.15,13.6,13.95,27590000,-0.0036
791,2015-8-6,13.85,14.25,13.7,13.9,30580000,-0.0036
792,2015-8-7,13.95,14.95,13.95,14.55,1640000,0.0468
793,2015-8-10,14.7,15.5,14.7,15.35,10160000,0.0550
794,2015-8-11,15.45,15.85,15.4,15.5,13170000,0.0098
795,2015-8-12,15.5,15.75,15.5,15.6,5490000,0.0065
796,2015-8-13,15.6,15.6,15.3,15.45,8370000,-0.0096
797,2015-8-14,15.5,15.5,15,15,9340000,-0.0291
798,2015-8-17,15.1,15.1,14.65,14.9,2040000,-0.0067
799,2015-8-18,14.85,15,14.7,14.85,2790000,-0.0034
800,2015-8-19,15,15.2,14.9,15,6870000,0.0101
801,2015-8-20,15.15,15.4,15.05,15.1,2300000,0.0067
802,2015-8-21,15.05,15.1,14.9,15,7970000,-0.0066
803,2015-8-24,14.95,15,13.95,14.35,6960000,-0.0433
804,2015-8-25,14.35,14.35,13.9,13.95,7870000,-0.0279
805,2015-8-26,13.95,13.95,12.8,13.45,5550000,-0.0358
806,2015-8-27,13,14.5,12.6,13.5,12520000,0.0037
807,2015-8-28,13.9,14.5,13.9,14.15,29190000,0.0481
808,2015-8-31,14.1,15,14,14.4,2230000,0.0177
809,2015-9-1,14.6,14.8,14.5,14.6,2910000,0.0139
810,2015-9-2,14.6,15.1,14.3,14.6,4430000,0.0000
811,2015-9-3,15,15.6,14.85,15.2,4530000,0.0411
812,2015-9-4,13.7,15.1,13.7,14.85,10770000,-0.0230
813,2015-9-7,14.8,14.85,14.5,14.6,13380000,-0.0168
814,2015-9-8,14.6,14.75,14.5,14.6,1120000,0.0000
815,2015-9-9,14.6,14.7,14,14.4,52580000,-0.0137
816,2015-9-10,14.6,14.6,14.05,14.4,2290000,0.0000
817,2015-9-11,14.4,14.65,14.4,14.55,3530000,0.0104
818,2015-9-14,14.6,14.9,14.55,14.7,3160000,0.0103
819,2015-9-15,14.65,15.4,14.65,15.15,11230000,0.0306
820,2015-9-16,15.2,15.2,14.8,14.95,6040000,-0.0132
821,2015-9-17,15,15.1,14.7,15,6120000,0.0033
822,2015-9-18,14.7,14.95,14.55,14.75,6630000,-0.0167
823,2015-9-21,14.65,15.2,14.5,14.9,4900000,0.0102
824,2015-9-22,14.9,15.2,14.6,15,9090000,0.0067
825,2015-9-23,15,15.2,15,15.1,9030000,0.0067
826,2015-9-24,15.1,15.2,15,15.15,3430000,0.0033
827,2015-9-25,15.1,15.3,15.05,15.15,7070000,0.0000
828,2015-9-28,15.2,15.25,15.1,15.2,15050000,0.0033
829,2015-9-29,15.25,15.25,14.8,15.15,13610000,-0.0033
830,2015-9-30,15,15.25,15,15.2,16380000,0.0033
831,2015-10-1,15.1,15.15,14.65,14.95,6460000,-0.0164
832,2015-10-2,14.9,14.95,14.2,14.45,13960000,-0.0334
833,2015-10-5,14.45,14.75,14.3,14.65,4230000,0.0138
834,2015-10-6,14.65,14.75,14.55,14.65,719900,0.0000
835,2015-10-7,14.65,14.75,14.6,14.65,16020000,0.0000
836,2015-10-8,14.65,14.8,14.55,14.7,3110000,0.0034
837,2015-10-9,14.7,15,14.7,14.8,4560000,0.0068
838,2015-10-12,14.7,15.05,14.6,14.95,6520000,0.0101
839,2015-10-13,14.8,15.15,14.7,15,3950000,0.0033
840,2015-10-14,14.85,15,14.2,14.7,5940000,-0.0200
841,2015-10-15,15,15,14.2,14.4,6010000,-0.0204
842,2015-10-16,14.2,14.75,14.2,14.55,7000000,0.0104
843,2015-10-19,14.5,15.05,14.5,14.75,2030000,0.0137
844,2015-10-21,15,15.1,14.6,15,8540000,0.0169
845,2015-10-22,15.05,15.1,14.75,14.95,2050000,-0.0033
846,2015-10-23,15,15.05,14.9,14.95,3190000,0.0000
847,2015-10-26,14.95,14.95,14.5,14.5,4250000,-0.0301
848,2015-10-27,14.55,14.65,14.5,14.5,5260000,0.0000
849,2015-10-28,14.5,14.8,14.5,14.55,9800000,0.0034
850,2015-10-29,14.5,14.6,14.25,14.4,5930000,-0.0103
851,2015-10-30,14.2,14.5,14.2,14.35,8010000,-0.0035
852,2015-11-2,14.4,14.5,14.25,14.35,644100,0.0000
853,2015-11-3,14.35,14.5,14,14.45,30950000,0.0070
854,2015-11-4,14.05,14.5,14.05,14.3,3820000,-0.0104
855,2015-11-5,14.35,15.1,14.35,14.95,16310000,0.0455
856,2015-11-6,15,15.15,15,15.05,2390000,0.0067
857,2015-11-9,15.05,15.25,14.95,15.05,2940000,0.0000
858,2015-11-10,15.05,15.75,15.05,15.45,6500000,0.0266
859,2015-11-11,15.5,16,15.45,15.85,4490000,0.0259
860,2015-11-12,15.5,16.2,15.5,16.05,7800000,0.0126
861,2015-11-13,16.05,16.5,15.85,16,5330000,-0.0031
862,2015-11-16,16.1,16.15,16.05,16.05,10730000,0.0031
863,2015-11-17,16.05,16.3,16.05,16.15,3060000,0.0062
864,2015-11-18,16.15,16.5,16.1,16.25,5620000,0.0062
865,2015-11-19,16.3,16.6,16.2,16.5,13860000,0.0154
866,2015-11-20,16.55,16.95,16.5,16.65,4060000,0.0091
867,2015-11-23,16.8,16.95,16.35,16.75,8600000,0.0060
868,2015-11-24,16.3,16.5,16,16.25,15360000,-0.0299
869,2015-11-25,16.5,16.5,15.5,16.05,2980000,-0.0123
870,2015-11-27,16,16.1,14.5,15.35,4640000,-0.0436
871,2015-11-30,15.6,15.9,15.3,15.55,15520000,0.0130
872,2015-12-1,15.6,15.75,15.5,15.65,4230000,0.0064
873,2015-12-2,15.6,16.2,15.55,15.85,5410000,0.0128
874,2015-12-3,15.75,16,15.6,15.7,1640000,-0.0095
875,2015-12-4,15.7,15.85,15.5,15.55,8470000,-0.0096
876,2015-12-7,15.95,15.95,15.6,15.7,21240000,0.0096
877,2015-12-8,15.7,16,15.7,15.95,9250000,0.0159
878,2015-12-9,16.05,16.25,15.75,16.1,4130000,0.0094
879,2015-12-10,16,16.25,15.95,16.15,5400000,0.0031
880,2015-12-11,16.1,16.4,16,16.25,9030000,0.0062
881,2015-12-14,16.1,16.65,16,16.4,11070000,0.0092
882,2015-12-15,16.35,16.5,16.3,16.4,8490000,0.0000
883,2015-12-16,16.5,16.9,16.2,16.7,8300000,0.0183
884,2015-12-17,16,16.7,15.9,16.6,10870000,-0.0060
885,2015-12-18,16.6,16.8,16.3,16.7,6650000,0.0060
886,2015-12-21,16.8,16.9,16.5,16.7,6630000,0.0000
887,2015-12-22,16.7,16.8,15.8,16.7,9040000,0.0000
888,2015-12-23,16,16.5,15.85,16.1,979100,-0.0359
889,2015-12-24,16,16.2,15.75,15.9,856200,-0.0124
890,2015-12-28,15.9,16,15.9,15.9,279400,0.0000
891,2015-12-29,15.9,16.3,15.9,16.1,2960000,0.0126
892,2015-12-30,16.05,16.5,16,16.25,623400,0.0093
893,2015-12-31,0,16.5,16.5,16.5,309200,0.0154
894,2016-1-4,16.3,16.7,16.05,16.35,1640000,-0.0091
895,2016-1-5,16.2,16.55,16.2,16.35,9800000,0.0000
896,2016-1-6,16.4,16.75,16.4,16.6,5170000,0.0153
897,2016-1-7,16.6,16.7,16.5,16.5,1550000,-0.0060
898,2016-1-8,16.5,16.5,16.2,16.4,6270000,-0.0061
899,2016-1-11,16.25,16.4,16,16.25,9230000,-0.0091
900,2016-1-12,16.05,16.1,15.9,16,6670000,-0.0154
901,2016-1-13,16,16.2,15.85,16.1,1530000,0.0063
902,2016-1-14,16.1,16.15,16,16.05,5250000,-0.0031
903,2016-1-15,16,16.15,16,16.1,3320000,0.0031
904,2016-1-18,16.1,16.2,16.1,16.1,1240000,0.0000
905,2016-1-19,16.1,16.2,15.9,16.1,22760000,0.0000
906,2016-1-20,16,16,15.45,15.75,7620000,-0.0217
907,2016-1-21,15.7,15.75,15,15.25,2930000,-0.0317
908,2016-1-22,15.4,15.4,15,15.1,5480000,-0.0098
909,2016-1-25,15.1,15.4,15.05,15.25,4810000,0.0099
910,2016-1-26,15.25,15.35,15.25,15.25,11480000,0.0000
911,2016-1-27,15.3,15.3,15.1,15.15,4890000,-0.0066
912,2016-1-28,15.15,15.25,15.1,15.15,3590000,0.0000
913,2016-1-29,15.2,15.3,15.15,15.15,2960000,0.0000
914,2016-2-1,15.1,16.1,15.1,15.55,4750000,0.0264
915,2016-2-2,15.55,16.5,15.5,16,7260000,0.0289
916,2016-2-3,16,17,15.7,16.7,9290000,0.0438
917,2016-2-4,16.4,16.5,15.65,16.25,11750000,-0.0269
918,2016-2-5,16.25,16.5,16,16.2,9180000,-0.0031
919,2016-2-8,16,16.2,15.9,16.15,1790000,-0.0031
920,2016-2-9,16.1,16.1,15.6,16,13410000,-0.0093
921,2016-2-10,16,16,15.55,15.75,3230000,-0.0156
922,2016-2-11,16,16,15.55,15.65,9010000,-0.0063
923,2016-2-12,15.7,15.95,15.65,15.8,10360000,0.0096
924,2016-2-15,15.8,15.95,15.7,15.75,491400,-0.0032
925,2016-2-16,15.8,15.85,15.5,15.7,10660000,-0.0032
926,2016-2-17,15.6,15.65,15.5,15.55,4390000,-0.0096
927,2016-2-18,15.55,15.85,15.5,15.6,16440000,0.0032
928,2016-2-19,15.6,16,15.6,15.85,349100,0.0160
929,2016-2-22,15.65,15.9,15.6,15.7,492300,-0.0095
930,2016-2-23,15.7,16,15.65,15.95,1550000,0.0159
931,2016-2-24,15.75,16.15,15.75,16,9880000,0.0031
932,2016-2-25,16.05,16.2,16,16.05,2720000,0.0031
933,2016-2-26,16.1,16.45,16,16.1,1510000,0.0031
934,2016-2-29,16.2,16.5,16.05,16.2,1830000,0.0062
935,2016-3-1,16.2,16.3,16.1,16.15,4320000,-0.0031
936,2016-3-2,16.15,16.65,16.15,16.55,12240000,0.0248
937,2016-3-3,16.7,17.25,16.2,16.9,26790000,0.0211
938,2016-3-4,16.5,17.05,16.3,17,4950000,0.0059
939,2016-3-7,16.9,17.05,16.2,17,13540000,0.0000
940,2016-3-8,16.6,16.7,16.4,16.5,14870000,-0.0294
941,2016-3-9,16.5,16.5,16.35,16.45,5780000,-0.0030
942,2016-3-10,16.4,16.45,16.15,16.25,14680000,-0.0122
943,2016-3-11,16.25,16.4,16.2,16.3,10030000,0.0031
944,2016-3-14,16.35,16.55,16.3,16.45,12460000,0.0092
945,2016-3-15,16.3,16.5,16.3,16.35,8400000,-0.0061
946,2016-3-16,16.45,16.6,16.3,16.4,15040000,0.0031
947,2016-3-17,16.3,16.6,16.3,16.5,22240000,0.0061
948,2016-3-18,16.5,16.6,16.4,16.5,12990000,0.0000
949,2016-3-21,16.45,16.5,16.3,16.45,8250000,-0.0030
950,2016-3-22,16.5,17,16.4,16.75,16110000,0.0182
951,2016-3-23,16.7,17,16.65,16.85,5340000,0.0060
952,2016-3-24,16.75,17,16.75,16.9,7880000,0.0030
953,2016-3-29,16.9,16.9,16.7,16.8,5460000,-0.0059
954,2016-3-30,16.8,16.85,16.7,16.7,6560000,-0.0060
955,2016-3-31,16.7,17,16.6,16.9,6770000,0.0120
956,2016-4-1,16.7,17,16.7,16.85,6050000,-0.0030
957,2016-4-4,16.85,16.9,16.7,16.8,3350000,-0.0030
958,2016-4-5,16.75,16.8,16.75,16.8,18100000,0.0000
959,2016-4-6,16.9,16.9,16.75,16.75,2610000,-0.0030
960,2016-4-7,16.8,16.8,16.75,16.75,4110000,0.0000
961,2016-4-8,16.7,16.8,16.7,16.75,7680000,0.0000
962,2016-4-11,16.75,16.8,16.65,16.7,1690000,-0.0030
963,2016-4-12,16.75,16.75,16.65,16.7,1590000,0.0000
964,2016-4-13,16.7,16.8,16.7,16.75,4070000,0.0030
965,2016-4-14,16.8,17.1,16.75,16.95,3630000,0.0119
966,2016-4-15,16.8,17.3,16.8,17.1,10770000,0.0088
967,2016-4-18,17.1,17.3,17.1,17.2,12910000,0.0058
968,2016-4-19,17.2,17.35,17.2,17.3,21150000,0.0058
969,2016-4-20,17.3,17.85,17.25,17.45,5160000,0.0087
970,2016-4-21,17.85,17.85,17.25,17.4,8760000,-0.0029
971,2016-4-22,17.4,17.4,16.9,17.1,12300000,-0.0172
972,2016-4-25,16.85,17,16.85,16.95,1060000,-0.0088
973,2016-4-26,16.9,17,16.85,16.95,10650000,0.0000
974,2016-4-27,16.95,17.1,16.85,16.95,8110000,0.0000
975,2016-4-28,16.95,17.15,16.9,17.1,9970000,0.0088
976,2016-4-29,17.1,17.15,17,17.1,6730000,0.0000
977,2016-5-3,16.95,17.1,16.9,16.95,2310000,-0.0088
978,2016-5-4,16.9,17,16.8,16.9,8720000,-0.0029
979,2016-5-5,16.8,17,16.8,16.9,11780000,0.0000
980,2016-5-6,16.85,17.1,16.75,16.9,1400000,0.0000
981,2016-5-9,16.9,16.95,16.6,16.9,7530000,0.0000
982,2016-5-10,16.95,17,16.9,16.95,2340000,0.0030
983,2016-5-11,17.05,17.2,17,17.1,4500000,0.0088
984,2016-5-12,17.1,17.45,17.1,17.25,1180000,0.0088
985,2016-5-13,17.25,17.45,17.25,17.3,746600,0.0029
986,2016-5-16,17.4,17.4,17.3,17.35,3340000,0.0029
987,2016-5-17,17.3,17.35,17,17.15,4510000,-0.0115
988,2016-5-18,17.05,17.3,17.05,17.15,1540000,0.0000
989,2016-5-19,17.3,17.4,17.25,17.3,6970000,0.0087
990,2016-5-20,17.3,17.4,17.15,17.35,5030000,0.0029
991,2016-5-23,17.3,17.3,17.1,17.2,2240000,-0.0086
992,2016-5-24,17.1,17.45,17.1,17.35,6280000,0.0087
993,2016-5-25,17.45,17.45,17.15,17.25,6920000,-0.0058
994,2016-5-26,17.2,17.3,17,17.25,3480000,0.0000
995,2016-5-27,17.2,17.25,17.05,17.1,3920000,-0.0087
996,2016-5-30,17.2,17.2,17.05,17.05,2570000,-0.0029
997,2016-5-31,17.1,17.1,16.9,17,5750000,-0.0029
998,2016-6-2,17,17.1,16.9,17,10130000,0.0000
999,2016-6-3,17,17,16.9,16.95,4230000,-0.0029
1000,2016-6-6,16.95,17.25,16.9,17.15,11410000,0.0118
1001,2016-6-7,17.2,17.6,17.2,17.5,9490000,0.0204
1002,2016-6-8,17.5,18.05,17.3,17.9,17670000,0.0229
1003,2016-6-9,17.9,18.4,17.9,18.25,21020000,0.0196
1004,2016-6-10,18.2,18.35,18.1,18.25,6690000,0.0000
1005,2016-6-13,18.25,18.3,18,18.15,2140000,-0.0055
1006,2016-6-14,18,18.25,18,18.1,2090000,-0.0028
1007,2016-6-15,18.1,18.35,18.05,18.3,9440000,0.0110
1008,2016-6-16,18.25,19,18.2,18.6,32590000,0.0164
1009,2016-6-17,18.75,18.8,18.1,18.7,10900000,0.0054
1010,2016-6-20,18.6,18.9,18.3,18.7,20040000,0.0000
1011,2016-6-21,18.6,18.75,18.3,18.4,8110000,-0.0160
1012,2016-6-22,18.3,18.35,17.65,18.05,9020000,-0.0190
1013,2016-6-23,18.4,18.4,17.6,17.9,22610000,-0.0083
1014,2016-6-24,17.85,17.85,17.25,17.45,2590000,-0.0251
1015,2016-6-27,17.85,17.85,17.15,17.3,4860000,-0.0086
1016,2016-6-28,17.45,17.45,17,17.15,9090000,-0.0087
1017,2016-6-29,17.15,17.7,16.9,17.1,6830000,-0.0029
1018,2016-6-30,17.6,18,17.5,17.75,20740000,0.0380
1019,2016-7-1,17.5,17.6,17.5,17.55,20360000,-0.0113
1020,2016-7-4,17.55,17.55,17.25,17.45,6500000,-0.0057
1021,2016-7-5,17.3,17.5,17.3,17.35,4190000,-0.0057
1022,2016-7-6,17.3,17.6,17.15,17.55,9340000,0.0115
1023,2016-7-8,17.5,17.75,17.35,17.55,8550000,0.0000
1024,2016-7-11,17.55,17.75,17.3,17.45,14810000,-0.0057
1025,2016-7-12,17.4,17.5,17.05,17.3,7790000,-0.0086
1026,2016-7-13,17.3,17.4,17.2,17.35,2750000,0.0029
1027,2016-7-14,17.35,17.5,17.35,17.4,13520000,0.0029
1028,2016-7-15,17.4,17.4,17.3,17.35,9030000,-0.0029
1029,2016-7-18,17.35,17.35,17.1,17.25,1650000,-0.0058
1030,2016-7-19,17.3,17.95,17.25,17.65,31500000,0.0232
1031,2016-7-20,17.8,18.3,17.1,18,24870000,0.0198
1032,2016-7-21,18,18.2,18,18.1,21420000,0.0056
1033,2016-7-22,18.05,18.1,18,18.05,4730000,-0.0028
1034,2016-7-25,18.25,18.3,18,18.1,8330000,0.0028
1035,2016-7-26,18.4,19.2,18.4,18.85,19380000,0.0414
1036,2016-7-27,19,19,18.55,18.85,4920000,0.0000
1037,2016-7-28,18.8,19.05,18.8,18.9,8620000,0.0027
1038,2016-7-29,18.9,19.2,18.9,19.05,2840000,0.0079
1039,2016-8-1,19.1,19.55,19,19.4,17380000,0.0184
1040,2016-8-2,19.5,21,19.5,20,19790000,0.0309
1041,2016-8-3,20.25,20.75,20.25,20.25,13090000,0.0125
1042,2016-8-4,20.25,20.25,19.4,19.65,3090000,-0.0296
1043,2016-8-5,19.5,20,19.5,19.8,11540000,0.0076
1044,2016-8-8,19.55,19.8,19.55,19.7,9870000,-0.0051
1045,2016-8-9,19.7,20,19.65,19.75,5320000,0.0025
1046,2016-8-10,19.8,20,19.8,19.9,4460000,0.0076
1047,2016-8-11,19.8,20,19.75,19.9,3250000,0.0000
1048,2016-8-12,19.9,20.25,19.9,20,1460000,0.0050
1049,2016-8-15,20,20.5,20,20.25,1390000,0.0125
1050,2016-8-16,20.25,21.5,20.25,21,6350000,0.0370
1051,2016-8-17,21.25,21.75,21,21.25,8690000,0.0119
1052,2016-8-18,21,21.5,21,21.25,19520000,0.0000
1053,2016-8-19,21.25,21.5,20.5,21.25,41410000,0.0000
1054,2016-8-22,21,21.25,20.5,20.75,2270000,-0.0235
1055,2016-8-23,20.75,21.5,20.75,21.25,2810000,0.0241
1056,2016-8-24,21,21.75,21,21.25,22570000,0.0000
1057,2016-8-25,21.25,21.5,19.15,20,26240000,-0.0588
1058,2016-8-26,19.5,19.85,19.5,19.65,9080000,-0.0175
1059,2016-8-29,19.75,20.25,19.75,20,46320000,0.0178
1060,2016-8-30,20,20.25,19.8,20,12410000,0.0000
1061,2016-8-31,20,20.5,20,20,12200000,0.0000
1062,2016-9-1,20.25,20.5,19.9,20,58730000,0.0000
1063,2016-9-2,19.9,20.25,19.85,19.95,5900000,-0.0025
1064,2016-9-5,19,19,18,18.4,5360000,-0.0777
1065,2016-9-6,18.5,19,18.5,18.85,4870000,0.0245
1066,2016-9-7,18.95,19.1,18.8,19,57670000,0.0080
1067,2016-9-8,19,19.05,18.9,19,6430000,0.0000
1068,2016-9-9,19,19.5,18.95,19,3640000,0.0000
1069,2016-9-13,19,19.3,18.65,19,8090000,0.0000
1070,2016-9-14,18.9,19,18.7,18.9,6340000,-0.0053
1071,2016-9-15,18.85,19,18.75,18.9,1710000,0.0000
1072,2016-9-16,19,19,18.75,18.9,2720000,0.0000
1073,2016-9-19,18.9,19.2,18.9,19,2170000,0.0053
1074,2016-9-20,19.05,19.3,19.05,19.15,5390000,0.0079
1075,2016-9-21,19.05,19.4,19,19.35,10810000,0.0104
1076,2016-9-22,19.5,19.5,19,19.4,106200000,0.0026
1077,2016-9-23,19.2,19.55,19.2,19.4,1500000,0.0000
1078,2016-9-26,19.55,19.7,19.2,19.5,1120000,0.0052
1079,2016-9-27,19.55,19.8,19.55,19.7,53640000,0.0103
1080,2016-9-28,19.7,20,19.2,19.95,7410000,0.0127
1081,2016-9-29,19.2,19.95,19.2,19.85,939800,-0.0050
1082,2016-9-30,19.7,20,19.7,19.95,16350000,0.0050
1083,2016-10-3,19.9,20.5,19.7,20,7980000,0.0025
1084,2016-10-4,20,20.25,20,20,8620000,0.0000
1085,2016-10-5,20,20.25,19.95,20,4780000,0.0000
1086,2016-10-6,20,20.25,19.9,19.95,3650000,-0.0025
1087,2016-10-7,19.95,20.5,19.95,20.25,3910000,0.0150
1088,2016-10-10,20.25,20.5,20,20.25,37950000,0.0000
1089,2016-10-11,20.25,20.75,19.95,20,9580000,-0.0123
1090,2016-10-12,20,20,19.5,19.9,3600000,-0.0050
1091,2016-10-13,19.75,20.25,19.75,19.95,6400000,0.0025
1092,2016-10-14,19.85,20.25,19.85,19.95,495000,0.0000
1093,2016-10-17,20,20,19.8,19.85,3700000,-0.0050
1094,2016-10-18,19.85,19.85,19.7,19.75,909500,-0.0050
1095,2016-10-19,19.75,19.8,19.55,19.7,1850000,-0.0025
1096,2016-10-21,19.75,19.85,19.65,19.7,17660000,0.0000
1097,2016-10-24,19.7,20.25,19.7,20,4940000,0.0152
1098,2016-10-25,20,20.25,19.8,20,1570000,0.0000
1099,2016-10-26,20,20.25,19.95,20,8900000,0.0000
1100,2016-10-27,20,20,19.9,19.95,6140000,-0.0025
1101,2016-10-28,20,20,19.8,19.9,628500,-0.0025
1102,2016-10-31,19.9,19.95,19.75,19.85,4520000,-0.0025
1103,2016-11-1,19.9,21.25,19.75,20.25,4060000,0.0202
1104,2016-11-2,20,21,20,20.75,4070000,0.0247
1105,2016-11-3,20.75,21.5,20.75,21.25,21770000,0.0241
1106,2016-11-4,21.25,21.75,20.75,21.25,18370000,0.0000
1107,2016-11-7,21.5,21.5,21,21,5740000,-0.0118
1108,2016-11-8,20.75,21,20.5,20.75,16020000,-0.0119
1109,2016-11-9,20.75,20.75,19.65,20.25,7080000,-0.0241
1110,2016-11-10,20.25,21,20.25,20.75,3930000,0.0247
1111,2016-11-11,21,21,20.5,20.75,8730000,0.0000
1112,2016-11-14,21,21,20.25,20.25,3330000,-0.0241
1113,2016-11-15,20.25,20.75,20,20.25,3410000,0.0000
1114,2016-11-16,20,21,20,20.5,4930000,0.0123
1115,2016-11-17,20.75,21.5,20.25,20.5,8050000,0.0000
1116,2016-11-18,20.75,20.75,20,20,2020000,-0.0244
1117,2016-11-21,20,20.25,19.9,20,10280000,0.0000
1118,2016-11-22,20,20.25,19.95,19.95,12830000,-0.0025
1119,2016-11-23,20,20.25,19.95,20,12870000,0.0025
1120,2016-11-24,20,20.25,19.9,19.95,17760000,-0.0025
1121,2016-11-25,19.9,20,19.8,19.9,450200,-0.0025
1122,2016-11-28,19.95,19.95,19.7,19.85,6250000,-0.0025
1123,2016-11-29,19.9,19.95,19.7,19.85,14560000,0.0000
1124,2016-11-30,19.85,20,19.85,19.9,24810000,0.0025
1125,2016-12-1,19.9,20.25,19.9,20,7030000,0.0050
1126,2016-12-2,20,20.25,19.9,19.95,9740000,-0.0025
1127,2016-12-5,19.9,20,19.85,19.9,4020000,-0.0025
1128,2016-12-6,19.85,19.95,19.75,19.8,5770000,-0.0050
1129,2016-12-7,19.85,19.85,19.65,19.7,3500000,-0.0051
1130,2016-12-8,19.6,19.7,18.95,19.35,6490000,-0.0178
1131,2016-12-9,20,20,18.9,19,2610000,-0.0181
1132,2016-12-13,18.95,19,18.8,18.9,7990000,-0.0053
1133,2016-12-14,18.85,19.5,18.5,18.9,3560000,0.0000
1134,2016-12-15,19,19,18.65,18.75,2000000,-0.0079
1135,2016-12-16,18.75,18.9,18.6,18.75,11320000,0.0000
1136,2016-12-19,18.8,19.3,18.6,19,7670000,0.0133
1137,2016-12-20,19.2,19.2,18.8,19,21730000,0.0000
1138,2016-12-21,19,19.15,18.9,19,6270000,0.0000
1139,2016-12-22,19,19.5,19,19.45,5920000,0.0237
1140,2016-12-23,19.1,19.6,19.1,19.5,3740000,0.0026
1141,2016-12-28,19.7,19.7,19.1,19.25,6530000,-0.0128
1142,2016-12-29,19.5,19.5,19,19.05,6070000,-0.0104
1143,2016-12-30,19.1,19.2,19,19.15,6060000,0.0052
1144,2017-1-3,18.9,19.2,18.9,19,10110000,-0.0078
1145,2017-1-4,19,19.05,18.9,19,2620000,0.0000
1146,2017-1-5,19,19,18.6,18.8,12900000,-0.0105
1147,2017-1-6,18.9,19,18.5,18.6,28020000,-0.0106
1148,2017-1-9,18.8,18.8,18.45,18.5,18450000,-0.0054
1149,2017-1-10,18.6,18.6,17.8,18.2,14400000,-0.0162
1150,2017-1-11,18.5,18.5,17.95,18,16380000,-0.0110
1151,2017-1-12,17.9,18,17.85,17.95,12900000,-0.0028
1152,2017-1-13,17.95,18,17.85,17.95,21490000,0.0000
1153,2017-1-16,17.95,18,17.85,17.95,3720000,0.0000
1154,2017-1-17,18,18,17.9,17.95,5470000,0.0000
1155,2017-1-18,17.95,18.3,17.85,18.05,29110000,0.0056
1156,2017-1-19,18.15,18.3,18.1,18.15,17570000,0.0055
1157,2017-1-20,18.15,18.3,18.1,18.15,10780000,0.0000
1158,2017-1-23,18.1,18.3,18.05,18.2,974900,0.0028
1159,2017-1-24,18.3,19,18.15,18.2,12380000,0.0000
1160,2017-1-25,18.2,18.25,18.15,18.2,3380000,0.0000
1161,2017-1-26,18.2,18.35,18.15,18.25,6200000,0.0027
1162,2017-1-27,18.25,18.5,18.2,18.4,9780000,0.0082
1163,2017-1-30,18.25,18.5,18.25,18.35,634100,-0.0027
1164,2017-1-31,18.45,18.6,18.3,18.5,5450000,0.0082
1165,2017-2-1,18.5,18.7,18.4,18.55,60480000,0.0027
1166,2017-2-2,18.7,19,18.55,18.55,3950000,0.0000
1167,2017-2-3,18.7,19,18.55,18.65,13730000,0.0054
1168,2017-2-6,18.7,19.2,18.65,18.9,24380000,0.0134
1169,2017-2-7,18.8,19,18.3,18.65,9840000,-0.0132
1170,2017-2-8,18.65,18.7,18.1,18.4,17110000,-0.0134
1171,2017-2-9,18.5,18.55,18.05,18.45,25990000,0.0027
1172,2017-2-10,18.5,18.55,18.35,18.5,11790000,0.0027
1173,2017-2-13,18.4,18.5,18.3,18.4,4310000,-0.0054
1174,2017-2-14,18.35,18.5,18.15,18.3,9680000,-0.0054
1175,2017-2-15,18.2,18.3,18.15,18.25,45460000,-0.0027
1176,2017-2-16,18.2,18.4,18,18.2,4700000,-0.0027
1177,2017-2-17,18.2,18.25,18,18.05,13190000,-0.0082
1178,2017-2-20,18.05,18.1,17.9,18,9690000,-0.0028
1179,2017-2-21,18.05,18.05,17.95,18,9930000,0.0000
1180,2017-2-22,18.5,18.5,17.95,18,31340000,0.0000
1181,2017-2-23,18,18.4,17.95,18,6850000,0.0000
1182,2017-2-24,18,18.15,17.95,18.1,31610000,0.0056
1183,2017-2-27,18.5,18.5,17.7,17.85,2060000,-0.0138
1184,2017-2-28,18,18,17.7,17.75,2370000,-0.0056
1185,2017-3-1,17.75,17.75,16.55,17.05,3080000,-0.0394
1186,2017-3-2,17.75,17.75,16.85,17,20900000,-0.0029
1187,2017-3-3,17.05,17.05,16.8,16.9,1540000,-0.0059
1188,2017-3-6,16.9,17,16.75,16.8,1810000,-0.0059
1189,2017-3-7,16.8,16.85,16.5,16.65,5250000,-0.0089
1190,2017-3-8,16.6,16.75,15.95,16.2,13940000,-0.0270
1191,2017-3-9,16,16.65,15.9,16,44080000,-0.0123
1192,2017-3-10,16.8,17.6,16.3,16.9,16120000,0.0562
1193,2017-3-13,17.05,18,17,17.35,50600000,0.0266
1194,2017-3-14,17.7,18.9,17.5,18.25,38120000,0.0519
1195,2017-3-15,18.25,18.25,17.5,17.85,7040000,-0.0219
1196,2017-3-16,19,19,17.5,17.55,9620000,-0.0168
1197,2017-3-17,17.65,18.05,17.6,17.95,6640000,0.0228
1198,2017-3-20,17.75,18.1,17.75,18,12690000,0.0028
1199,2017-3-21,18.1,18.25,18,18.1,511900,0.0056
1200,2017-3-22,18.2,18.35,18,18.1,11700000,0.0000
1201,2017-3-23,18.15,18.6,18.15,18.35,9230000,0.0138
1202,2017-3-24,18.35,18.7,18.35,18.45,18870000,0.0054
1203,2017-3-27,18.45,18.95,18.45,18.7,13250000,0.0136
1204,2017-3-28,19.05,19.05,18.3,18.6,14750000,-0.0053
1205,2017-3-29,18.3,18.4,17.75,18.05,13300000,-0.0296
1206,2017-3-30,18,18.05,17.9,17.95,997100,-0.0055
1207,2017-3-31,18,18.3,17.8,18,5420000,0.0028
1208,2017-4-3,18.2,19,18,18.45,11260000,0.0250
1209,2017-4-4,18.5,19,18,18.3,26220000,-0.0081
1210,2017-4-5,18.35,19,18.3,18.3,9470000,0.0000
1211,2017-4-6,19,19,18.3,18.6,591200,0.0164
1212,2017-4-7,18.6,19.75,18.4,18.65,4880000,0.0027
1213,2017-4-10,18.65,19.75,18.65,19.15,2010000,0.0268
1214,2017-4-11,19.8,19.8,19.15,19.25,5620000,0.0052
1215,2017-4-12,19.4,19.65,19.25,19.45,5070000,0.0104
1216,2017-4-13,19.5,19.75,19.5,19.6,76380000,0.0077
1217,2017-4-18,19.65,19.7,19,19.15,1820000,-0.0230
1218,2017-4-19,19.2,19.3,19.05,19.2,12730000,0.0026
1219,2017-4-20,19.2,19.25,19,19.15,8640000,-0.0026
1220,2017-4-21,19.15,19.2,19.1,19.15,4400000,0.0000
1221,2017-4-24,19.15,19.2,19.05,19.1,2820000,-0.0026
1222,2017-4-25,19.1,19.15,18.7,18.95,12880000,-0.0079
1223,2017-4-26,18.85,19,18.85,18.95,6200000,0.0000
1224,2017-4-27,19,19.1,18.95,19,16120000,0.0026
1225,2017-4-28,19,19.6,19,19.25,1570000,0.0132
1226,2017-5-2,19.2,19.8,19.2,19.55,7230000,0.0156
1227,2017-5-3,19.6,19.8,19.5,19.6,15120000,0.0026
1228,2017-5-4,19.65,19.95,19.35,19.65,9370000,0.0026
1229,2017-5-5,19.7,20,19.7,19.75,11860000,0.0051
1230,2017-5-8,19.8,20.75,19.8,20.5,22920000,0.0380
1231,2017-5-9,20.5,20.75,19.9,20.25,10200000,-0.0122
1232,2017-5-10,22,22,19.85,20,2240000,-0.0123
1233,2017-5-11,20.5,20.75,19.85,20.5,18460000,0.0250
1234,2017-5-12,20.5,20.75,20.25,20.25,6880000,-0.0122
1235,2017-5-15,20.5,20.5,20.25,20.25,2140000,0.0000
1236,2017-5-16,20.25,20.5,20.25,20.25,41900000,0.0000
1237,2017-5-17,20.25,20.5,20,20,11880000,-0.0123
1238,2017-5-18,20,21,19.95,20.25,20130000,0.0125
1239,2017-5-19,20.25,20.75,20,20.25,28730000,0.0000
1240,2017-5-22,20.25,20.75,20.25,20.5,23770000,0.0123
1241,2017-5-23,20.25,20.75,20.25,20.5,27500000,0.0000
1242,2017-5-24,20.75,21.75,20.75,21,8840000,0.0244
1243,2017-5-25,21.25,21.75,21.25,21.5,22320000,0.0238
1244,2017-5-26,21.75,22,21.5,21.75,5860000,0.0116
1245,2017-5-29,21.5,21.75,21.25,21.5,3670000,-0.0115
1246,2017-5-30,21.5,21.75,21,21,10110000,-0.0233
1247,2017-5-31,21.5,23,21.5,22.25,37100000,0.0595
1248,2017-6-2,22.5,23.25,22,22.5,29190000,0.0112
1249,2017-6-5,22,22.75,21.5,22.25,4780000,-0.0111
1250,2017-6-6,22.5,23.5,22,22,8920000,-0.0112
1251,2017-6-7,22.25,22.5,22,22.25,15210000,0.0114
1252,2017-6-8,22.25,22.5,22,22.25,2860000,0.0000
1253,2017-6-9,22.5,23,22.25,22.75,41710000,0.0225
1254,2017-6-12,22.75,23.25,22.5,22.75,10490000,0.0000
1255,2017-6-13,23,24,23,23.5,21760000,0.0330
1256,2017-6-14,23.25,23.75,23,23,29190000,-0.0213
1257,2017-6-15,23.25,23.5,23.25,23.25,16060000,0.0109
1258,2017-6-16,23.25,24,23.25,23.5,53210000,0.0108
1259,2017-6-19,23.5,23.75,23,23,3430000,-0.0213
1260,2017-6-20,23,23.25,22.5,22.75,16450000,-0.0109
1261,2017-6-21,23.5,23.5,22.5,22.75,10870000,0.0000
1262,2017-6-22,22.75,23.5,22.75,23.25,5720000,0.0220
1263,2017-6-23,23,23.5,23,23.25,19260000,0.0000
1264,2017-6-27,23.5,23.75,23.25,23.5,5720000,0.0108
1265,2017-6-28,23.5,23.5,23,23.25,3290000,-0.0106
1266,2017-6-29,23.75,23.75,23,23,9290000,-0.0108
1267,2017-6-30,23,23.25,22,22.75,9960000,-0.0109
1268,2017-7-3,22.75,23.25,22.5,23,8140000,0.0110
1269,2017-7-4,23,23.25,22.5,23,6860000,0.0000
1270,2017-7-5,23,23.25,22.5,22.75,9000000,-0.0109
1271,2017-7-6,23,23.25,22,22.75,13740000,0.0000
1272,2017-7-7,23,23.25,23,23,25270000,0.0110
1273,2017-7-10,23.25,23.25,23,23,2470000,0.0000
1274,2017-7-11,23,23.5,23,23,23200000,0.0000
1275,2017-7-12,23,23.25,22.75,23,17210000,0.0000
1276,2017-7-13,23,23.25,22.75,23,22780000,0.0000
1277,2017-7-14,23,23.25,22.75,23,1590000,0.0000
1278,2017-7-17,23,23.25,23,23,19310000,0.0000
1279,2017-7-18,23,23.25,22.5,23,16760000,0.0000
1280,2017-7-19,23,23.25,23,23,13120000,0.0000
1281,2017-7-20,23,23.25,23,23,2220000,0.0000
1282,2017-7-21,23,23.5,23,23.25,2760000,0.0109
1283,2017-7-24,23.5,23.75,23.25,23.25,2900000,0.0000
1284,2017-7-25,23.5,24,23.25,23.5,18100000,0.0108
1285,2017-7-26,23.5,24.25,23.5,23.75,11130000,0.0106
1286,2017-7-27,23.75,24.75,23.5,23.75,6780000,0.0000
1287,2017-7-28,23.75,25,23.75,24.5,7360000,0.0316
1288,2017-7-31,24.75,25,23.75,24.5,13020000,0.0000
1289,2017-8-1,24,24,23.5,23.75,23420000,-0.0306
1290,2017-8-2,24,24.25,23.75,24,12760000,0.0105
1291,2017-8-3,24.25,24.5,23.75,23.75,12060000,-0.0104
1292,2017-8-4,24.25,24.25,23,23.5,10620000,-0.0105
1293,2017-8-7,23.5,24,23.5,23.5,1510000,0.0000
1294,2017-8-9,23.75,24.25,23.75,23.75,2210000,0.0106
1295,2017-8-10,23.5,24.75,23.5,24.25,356900,0.0211
1296,2017-8-11,24.5,25.5,23.75,24.5,18960000,0.0103
1297,2017-8-14,24.75,25.5,24.75,25,6750000,0.0204
1298,2017-8-15,25,25.5,24,24.75,11610000,-0.0100
1299,2017-8-16,24.75,25,24.25,24.25,14320000,-0.0202
1300,2017-8-17,24.5,24.75,24,24.25,1530000,0.0000
1301,2017-8-18,24,24.75,24,24.25,4360000,0.0000
1302,2017-8-21,24.25,25,24.25,24.75,1490000,0.0206
1303,2017-8-22,24.75,25,24.75,24.75,2930000,0.0000
1304,2017-8-23,24.75,25.5,24.75,25,10430000,0.0101
1305,2017-8-24,25,25.75,25,25.25,8730000,0.0100
1306,2017-8-25,25.5,27,25.5,26.5,14320000,0.0495
1307,2017-8-28,27,27,26.5,26.75,4600000,0.0094
1308,2017-8-29,26.75,27.25,26.25,26.75,13510000,0.0000
1309,2017-8-30,26.75,26.75,25.5,26.25,9830000,-0.0187
1310,2017-8-31,26.5,26.5,25.25,25.5,10260000,-0.0286
1311,2017-9-1,25.5,25.75,23,24.25,44520000,-0.0490
1312,2017-9-4,25,25.75,24,24,53940000,-0.0103
1313,2017-9-5,24.5,25,24.25,24.75,1910000,0.0313
1314,2017-9-6,24.75,25.5,24.5,24.75,36150000,0.0000
1315,2017-9-7,25,26,25,25.25,6670000,0.0202
1316,2017-9-8,25.5,26.25,25.5,25.75,1790000,0.0198
1317,2017-9-11,25.75,26.5,25.75,26,19990000,0.0097
1318,2017-9-12,27,27,25.75,26,14710000,0.0000
1319,2017-9-13,26,26,25,25.25,10460000,-0.0288
1320,2017-9-14,25.5,25.5,25.25,25.25,7320000,0.0000
1321,2017-9-15,25.25,25.5,25,25.25,8740000,0.0000
1322,2017-9-18,24.25,25,24,24.25,3670000,-0.0396
1323,2017-9-19,24.75,25.5,24.75,25,12370000,0.0309
1324,2017-9-20,25.5,25.5,25,25.25,7300000,0.0100
1325,2017-9-21,25.5,26.5,25.25,25.75,3770000,0.0198
1326,2017-9-22,25.75,26,25.5,25.75,2610000,0.0000
1327,2017-9-25,25.75,26,25.75,25.75,6960000,0.0000
1328,2017-9-26,25.75,26.25,25.75,26,15580000,0.0097
1329,2017-9-27,25.75,26,25.75,25.75,6920000,-0.0096
1330,2017-9-28,25.75,26,24.75,25.25,4730000,-0.0194
1331,2017-9-29,25,25,24.5,24.75,12330000,-0.0198
1332,2017-10-2,24.75,25,24.5,24.5,6220000,-0.0101
1333,2017-10-3,24.5,25.75,24.5,25,9330000,0.0204
1334,2017-10-4,25,25.25,24.75,25,1560000,0.0000
1335,2017-10-5,25,25,24.75,24.75,3050000,-0.0100
1336,2017-10-6,25,25,24.5,24.75,5070000,0.0000
1337,2017-10-9,25,25.25,24.75,25,9480000,0.0101
1338,2017-10-10,24.75,25.5,24.75,25,1180000,0.0000
1339,2017-10-11,25,25.25,24.75,25,10730000,0.0000
1340,2017-10-12,25,25.25,24.75,24.75,6130000,-0.0100
1341,2017-10-13,25,25.25,24.75,25,11960000,0.0101
1342,2017-10-16,25,25.25,24.5,24.75,951300,-0.0100
1343,2017-10-17,25,25,24.25,24.5,17130000,-0.0101
1344,2017-10-18,24.5,24.5,24,24.25,13280000,-0.0102
1345,2017-10-19,24.5,24.5,24,24,2990000,-0.0103
1346,2017-10-23,25,25,23.75,24.25,23410000,0.0104
1347,2017-10-24,24.25,25.25,24.25,24.75,1340000,0.0206
1348,2017-10-27,25.25,25.5,25,25.25,1830000,0.0202
1349,2017-10-30,25.5,25.5,25,25.25,2040000,0.0000
1350,2017-10-31,25,26.25,25,25.5,3340000,0.0099
1351,2017-11-1,25.75,26.25,25.5,25.75,12490000,0.0098
1352,2017-11-2,25.75,26,25,25.25,18950000,-0.0194
1353,2017-11-3,25.75,26,25,25.5,4990000,0.0099
1354,2017-11-6,25.75,25.75,24.75,25,5600000,-0.0196
1355,2017-11-7,25,25,24.25,24.5,34980000,-0.0200
1356,2017-11-8,25,25.25,24.5,24.75,15330000,0.0102
1357,2017-11-9,24.75,25,24.5,24.75,3150000,0.0000
1358,2017-11-10,24.75,25,24.5,24.5,8030000,-0.0101
1359,2017-11-13,24.5,24.75,24,24.5,25840000,0.0000
1360,2017-11-14,24.5,25.5,24.5,24.5,12060000,0.0000
1361,2017-11-15,24.5,25.25,24.5,25,9960000,0.0204
1362,2017-11-16,25,25.75,25,25.25,6390000,0.0100
1363,2017-11-17,25.25,26,25.25,25.5,2810000,0.0099
1364,2017-11-20,25.75,26,25.5,25.75,3960000,0.0098
1365,2017-11-21,26,27.25,25.75,26.75,7050000,0.0388
1366,2017-11-22,26.75,28.5,26.75,28,16460000,0.0467
1367,2017-11-23,28,28.5,26,26.5,16340000,-0.0536
1368,2017-11-24,28,28,26.5,26.75,5210000,0.0094
1369,2017-11-27,26.75,28,26.75,27.5,5930000,0.0280
1370,2017-11-29,28,28,27.5,27.5,11300000,0.0000
1371,2017-11-30,27.5,28,27,27.5,7090000,0.0000
1372,2017-12-1,27.5,27.75,27,27.5,12850000,0.0000
1373,2017-12-4,27.5,28.25,27.5,27.5,15770000,0.0000
1374,2017-12-5,27.5,27.75,27,27.25,6550000,-0.0091
1375,2017-12-6,26.75,27.75,26.75,27.25,18980000,0.0000
1376,2017-12-7,27.5,28.25,27,27.75,14220000,0.0183
1377,2017-12-8,28,28.25,27.75,27.75,8290000,0.0000
1378,2017-12-11,28,28.25,27.75,28,5900000,0.0090
1379,2017-12-13,28,28,27.5,27.5,25550000,-0.0179
1380,2017-12-14,27.5,27.75,26.75,27,19070000,-0.0182
1381,2017-12-15,26.75,27.5,24.5,26.75,11870000,-0.0093
1382,2017-12-18,26.5,27,26,26.25,7470000,-0.0187
1383,2017-12-19,26.25,26.5,25.75,26,23810000,-0.0095
1384,2017-12-20,26,26.75,25.75,26,24810000,0.0000
1385,2017-12-21,26.5,27,26.25,26.5,11550000,0.0192
1386,2017-12-22,26.5,26.75,26.25,26.5,6600000,0.0000
1387,2017-12-27,26.25,26.5,26,26.25,7560000,-0.0094
1388,2017-12-28,26,26.5,26,26.25,10950000,0.0000
1389,2017-12-29,26.25,27.5,26.25,26.75,3640000,0.0190
1390,2018-1-2,26.75,27,26.75,26.75,3900000,0.0000
1391,2018-1-3,26.75,27,26.75,26.75,8350000,0.0000
1392,2018-1-4,26.75,27.75,26.75,27,8300000,0.0093
1393,2018-1-5,27.5,28.5,27,28,11040000,0.0370
1394,2018-1-8,27.5,28.25,27.5,28,6870000,0.0000
1395,2018-1-9,28,28.25,27.75,28,20530000,0.0000
1396,2018-1-10,27.75,28,27.75,27.75,12920000,-0.0089
1397,2018-1-11,27.75,28.25,27.75,27.75,11140000,0.0000
1398,2018-1-12,28,28.5,27.75,28.25,2800000,0.0180
1399,2018-1-15,28.5,29.25,28.25,28.75,3750000,0.0177
1400,2018-1-16,29,29.5,28.5,29,7300000,0.0087
1401,2018-1-17,28.5,29.5,28.5,29,10300000,0.0000
1402,2018-1-18,29.5,29.5,29,29.25,9390000,0.0086
1403,2018-1-19,29.25,29.75,29.25,29.5,6590000,0.0085
1404,2018-1-22,29.5,29.75,29,29.25,8830000,-0.0085
1405,2018-1-23,29.5,29.75,29.25,29.5,16960000,0.0085
1406,2018-1-24,29.5,29.75,29.5,29.5,6560000,0.0000
1407,2018-1-25,29.5,30,29.5,29.75,6590000,0.0085
1408,2018-1-26,29.5,30.5,29.5,30,26170000,0.0084
1409,2018-1-29,29.75,30,29.5,29.75,3950000,-0.0083
1410,2018-1-30,30,30,29.25,29.75,18000000,0.0000
1411,2018-1-31,29.75,30,29.5,29.5,8890000,-0.0084
1412,2018-2-1,29.75,30,29.5,29.75,6150000,0.0085
1413,2018-2-2,30,30.25,29.75,29.75,3030000,0.0000
1414,2018-2-5,29.75,30,29.75,29.75,4090000,0.0000
1415,2018-2-6,29.75,30,28.75,29.5,42110000,-0.0084
1416,2018-2-7,29.25,29.25,28,28.5,20680000,-0.0339
1417,2018-2-8,28.5,29.5,28.5,29.25,14170000,0.0263
1418,2018-2-9,29.5,29.5,29,29,12830000,-0.0085
1419,2018-2-12,30,30,28,28.25,1500000,-0.0259
1420,2018-2-13,28.5,29,28.25,28.5,6860000,0.0088
1421,2018-2-14,28.75,29,28.75,28.75,3090000,0.0088
1422,2018-2-15,28.75,29.25,28.75,28.75,2710000,0.0000
1423,2018-2-16,29,29.75,29,29.25,4730000,0.0174
1424,2018-2-19,30,30,29.25,29.25,4490000,0.0000
1425,2018-2-20,29.5,30.5,29.25,29.75,8750000,0.0171
1426,2018-2-21,30,30.25,29,29.75,15110000,0.0000
1427,2018-2-22,29.5,30,29.5,29.5,6160000,-0.0084
1428,2018-2-23,29.5,30,29.25,29.5,5000000,0.0000
1429,2018-2-26,29.5,29.75,29.25,29.5,14510000,0.0000
1430,2018-2-27,29.5,30,29.25,29.5,7390000,0.0000
1431,2018-2-28,29.75,30,29.5,29.75,10940000,0.0085
1432,2018-3-1,29.5,30,29.25,29.5,15250000,-0.0084
1433,2018-3-2,30.5,30.5,29,29.25,6130000,-0.0085
1434,2018-3-5,29.75,29.75,29,29.25,4360000,0.0000
1435,2018-3-6,29.25,29.75,29.25,29.25,7540000,0.0000
1436,2018-3-7,29.25,29.75,29.25,29.5,5830000,0.0085
1437,2018-3-8,29.5,29.75,29.25,29.5,10430000,0.0000
1438,2018-3-9,29.5,29.75,29,29.25,18670000,-0.0085
1439,2018-3-12,29.5,29.75,29.25,29.25,6150000,0.0000
1440,2018-3-13,29.5,30,29.5,29.75,4670000,0.0171
1441,2018-3-14,29.75,30,29.5,29.75,5990000,0.0000
1442,2018-3-15,30,30,29.5,29.5,9960000,-0.0084
1443,2018-3-16,29.5,29.75,29.5,29.5,4080000,0.0000
1444,2018-3-19,30,30.75,29.5,30,11060000,0.0169
1445,2018-3-20,30.5,31.25,30.5,30.75,5720000,0.0250
1446,2018-3-21,31,31.75,31,31.25,17990000,0.0163
1447,2018-3-22,31,32.25,31,31.75,13480000,0.0160
1448,2018-3-23,32,32.25,31.75,31.75,8330000,0.0000
1449,2018-3-26,31.75,31.75,31.25,31.5,4330000,-0.0079
1450,2018-3-27,31.5,31.75,31,31.25,4720000,-0.0079
1451,2018-3-28,31,31.25,30.5,30.75,4350000,-0.0160
1452,2018-3-29,31,31.5,30.5,31,11680000,0.0081
1453,2018-4-3,31,31.75,31,31.25,9280000,0.0081
1454,2018-4-4,31.75,32.75,31.25,32,13500000,0.0240
1455,2018-4-5,32.5,33.5,32.5,32.75,8420000,0.0234
1456,2018-4-6,32.75,33,32,32.25,5830000,-0.0153
1457,2018-4-9,32.25,32.25,31.5,31.75,1950000,-0.0155
1458,2018-4-10,31.75,32.25,31.75,31.75,2140000,0.0000
1459,2018-4-11,31.75,32.5,31.75,32,6110000,0.0079
1460,2018-4-12,32,32,31.25,31.5,4500000,-0.0156
1461,2018-4-13,32,32,31,31,2960000,-0.0159
1462,2018-4-16,31.25,31.25,30.25,30.5,117240000,-0.0161
1463,2018-4-17,30.5,30.5,29.5,29.75,11810000,-0.0246
1464,2018-4-18,29.75,30,29.25,29.5,20430000,-0.0084
1465,2018-4-19,29.5,29.75,29,29.25,22800000,-0.0085
1466,2018-4-20,29.25,29.5,28.75,29,15320000,-0.0085
1467,2018-4-23,29,29.75,28.25,28.5,12820000,-0.0172
1468,2018-4-24,28.5,29,28,28.25,17260000,-0.0088
1469,2018-4-25,28.75,29,28.25,28.5,22790000,0.0088
1470,2018-4-26,28.75,28.75,28,28.25,11000000,-0.0088
1471,2018-4-27,28.5,28.5,28.25,28.25,8870000,0.0000
1472,2018-4-30,28.5,28.5,28.25,28.25,9960000,0.0000
1473,2018-5-2,28.25,28.25,27,27.25,18330000,-0.0354
1474,2018-5-3,27.5,27.75,26.75,27,27100000,-0.0092
1475,2018-5-4,28,29,28,28.5,37790000,0.0556
1476,2018-5-7,28.5,29,28.25,28.5,16080000,0.0000
1477,2018-5-8,28.5,28.5,28.25,28.25,9460000,-0.0088
1478,2018-5-9,28.5,29.5,28.5,29,17880000,0.0265
1479,2018-5-10,29,29.25,27.75,28,14070000,-0.0345
1480,2018-5-11,28,28,27.5,27.75,6720000,-0.0089
1481,2018-5-14,27.75,28,27,27.25,6000000,-0.0180
1482,2018-5-15,27.5,28.25,27,27.25,22980000,0.0000
1483,2018-5-16,28.25,29.25,28,28.5,5020000,0.0459
1484,2018-5-17,29,29.5,28.75,29,6490000,0.0175
1485,2018-5-18,29,29.5,29,29.25,6650000,0.0086
1486,2018-5-21,29.25,29.25,29,29,10010000,-0.0085
1487,2018-5-22,29,29.75,29,29.25,7750000,0.0086
1488,2018-5-23,29.25,29.5,29,29,2710000,-0.0085
1489,2018-5-24,29.25,29.5,29,29,7640000,0.0000
1490,2018-5-25,29,29.25,28.5,29,8860000,0.0000
1491,2018-5-28,29,29,28,28.75,2100000,-0.0086
1492,2018-5-29,29,29,28.25,28.5,4280000,-0.0087
1493,2018-5-30,28.5,28.5,28,28.25,7650000,-0.0088
1494,2018-5-31,28.75,28.75,28.25,28.25,10670000,0.0000
1495,2018-6-4,28.25,29,28.25,28.5,12150000,0.0088
1496,2018-6-5,28.5,29.25,28.5,28.75,2350000,0.0088
1497,2018-6-6,28.75,30,28.75,29.5,16560000,0.0261
1498,2018-6-7,29.75,29.75,29,29.5,6310000,0.0000
1499,2018-6-8,29.75,29.75,29.25,29.5,1690000,0.0000
1500,2018-6-11,29.75,30.5,29.5,30,4150000,0.0169
1501,2018-6-12,30,30.5,30,30,13450000,0.0000
1502,2018-6-13,30,30.5,30,30,7290000,0.0000
1503,2018-6-14,30,30.25,29.75,30,22890000,0.0000
1504,2018-6-18,30,30.25,29.5,29.75,2120000,-0.0083
1505,2018-6-19,29.75,29.75,27.75,28.25,5660000,-0.0504
1506,2018-6-20,28.5,28.5,27.25,27.25,16080000,-0.0354
1507,2018-6-21,27.25,27.75,27.25,27.25,11720000,0.0000
1508,2018-6-22,28.75,28.75,27.25,28.25,13920000,0.0367
1509,2018-6-25,28.5,29,28.25,28.5,2720000,0.0088
1510,2018-6-26,28.5,29.5,28.5,29,17600000,0.0175
1511,2018-6-27,29.25,30,28.75,29.5,16540000,0.0172
1512,2018-6-28,29.75,30,29.25,29.75,22490000,0.0085
1513,2018-6-29,29.75,30,29.25,29.5,10560000,-0.0084
1514,2018-7-2,29.5,29.75,28.75,29,9570000,-0.0169
1515,2018-7-3,28.75,28.75,27.75,28,3750000,-0.0345
1516,2018-7-4,29,29.25,28,28.5,2890000,0.0179
1517,2018-7-5,28.5,29.25,28.5,29,5410000,0.0175
1518,2018-7-6,28.75,29.25,28.75,28.75,2040000,-0.0086
1519,2018-7-9,29,29.25,28.75,29,2000000,0.0087
1520,2018-7-10,29,29.25,29,29,5690000,0.0000
1521,2018-7-11,29,29,28.25,28.5,5130000,-0.0172
1522,2018-7-12,28.5,29,28.5,28.5,3340000,0.0000
1523,2018-7-13,28.75,28.75,28.25,28.25,4690000,-0.0088
1524,2018-7-16,28.75,28.75,28,28.25,10490000,0.0000
1525,2018-7-17,28.25,29.25,28.25,28.75,3960000,0.0177
1526,2018-7-18,29.25,29.75,29,29,2220000,0.0087
1527,2018-7-19,29.75,29.75,28.75,29.25,10040000,0.0086
1528,2018-7-20,29.25,29.25,28.25,28.5,3540000,-0.0256
1529,2018-7-23,28.5,29,28.25,28.5,656500,0.0000
1530,2018-7-24,28.5,29,28.5,28.5,748100,0.0000
1531,2018-7-25,28.75,29,28.5,28.75,5930000,0.0088
1532,2018-7-26,29,29,28.5,28.5,4900000,-0.0087
1533,2018-7-27,28.5,29,28.5,28.5,3330000,0.0000
1534,2018-7-30,28.75,28.75,28.25,28.5,11460000,0.0000
1535,2018-7-31,28.5,28.5,27.75,28,2680000,-0.0175
1536,2018-8-1,28.25,28.5,27.75,27.75,4550000,-0.0089
1537,2018-8-2,28,28.5,28,28,18660000,0.0090
1538,2018-8-3,28,28.25,28,28,5930000,0.0000
1539,2018-8-6,28.25,28.25,28,28,1400000,0.0000
1540,2018-8-7,28,28.25,28,28,5170000,0.0000
1541,2018-8-8,28.25,29.5,28.25,28.75,6590000,0.0268
1542,2018-8-9,29,29.25,28.25,28.75,3040000,0.0000
1543,2018-8-10,29,29,28.25,28.25,4950000,-0.0174
1544,2018-8-13,28.5,29,28.5,28.5,2020000,0.0088
1545,2018-8-14,28.5,29,28.5,28.75,7530000,0.0088
1546,2018-8-15,28.75,29.25,28.75,29,8720000,0.0087
1547,2018-8-16,29,29,28.75,28.75,6700000,-0.0086
1548,2018-8-17,28.75,29.5,28.75,29,961200,0.0087
1549,2018-8-20,29,29.5,29,29,7500000,0.0000
1550,2018-8-22,29,29.5,29,29,6420000,0.0000
1551,2018-8-23,29,29.25,29,29,3050000,0.0000
1552,2018-8-24,29,29.25,29,29,2500000,0.0000
1553,2018-8-27,29,29.5,29,29,1650000,0.0000
1554,2018-8-28,29.25,30.5,29,29.75,4930000,0.0259
1555,2018-8-29,29.75,30.25,29.75,29.75,1960000,0.0000
1556,2018-8-30,30,30,29.5,29.5,2730000,-0.0084
1557,2018-8-31,29.75,29.75,28,28.25,9080000,-0.0424
1558,2018-9-3,28,28,27,27.75,1730000,-0.0177
1559,2018-9-4,27.75,29,27.75,28.25,5220000,0.0180
1560,2018-9-5,28.5,28.5,27.5,27.75,5440000,-0.0177
1561,2018-9-6,28.25,28.25,27.5,27.75,4170000,0.0000
1562,2018-9-7,28,28,27.25,27.5,6800000,-0.0090
1563,2018-9-10,27.75,27.75,27.25,27.25,773100,-0.0091
1564,2018-9-11,27.25,27.75,27,27,2360000,-0.0092
1565,2018-9-12,27,27.25,26.75,27,6190000,0.0000
1566,2018-9-13,27,27.25,25.75,26.25,12510000,-0.0278
1567,2018-9-14,26.25,26.75,26.25,26.5,9140000,0.0095
1568,2018-9-17,26.5,26.75,26.25,26.5,5170000,0.0000
1569,2018-9-18,26.5,27.25,26.5,26.75,7270000,0.0094
1570,2018-9-19,27,27.25,25.75,26.5,9360000,-0.0093
1571,2018-9-20,25.5,25.75,24.5,24.75,9360000,-0.0660
1572,2018-9-21,25,25.25,23.75,24,19410000,-0.0303
1573,2018-9-24,24.5,26,24.5,25,23270000,0.0417
1574,2018-9-25,25,25.25,24.75,24.75,7500000,-0.0100
1575,2018-9-26,25,25,24.5,24.75,2700000,0.0000
1576,2018-9-27,24.75,25,24.5,24.75,14900000,0.0000
1577,2018-9-28,25,25,24,24.5,5980000,-0.0101
1578,2018-10-1,24.5,25,24,24,2900000,-0.0204
1579,2018-10-2,24,24.75,24,24.25,13930000,0.0104
1580,2018-10-3,24.5,24.5,24.25,24.25,5160000,0.0000
1581,2018-10-4,24.25,24.75,24.25,24.5,21580000,0.0103
1582,2018-10-5,24.5,25,24.5,24.75,12410000,0.0102
1583,2018-10-8,24.75,25,24.5,24.5,4290000,-0.0101
1584,2018-10-9,24.75,25,24.25,24.5,3530000,0.0000
1585,2018-10-11,25,25,23.5,24,7960000,-0.0204
1586,2018-10-12,24,24,22.75,23,7610000,-0.0417
1587,2018-10-15,23,23.5,21.75,22.25,8480000,-0.0326
1588,2018-10-16,23,24,22.5,23.5,13370000,0.0562
1589,2018-10-17,23.75,24.25,23.75,23.75,4370000,0.0106
1590,2018-10-18,23.75,24.25,23,23.5,12330000,-0.0105
1591,2018-10-19,23.5,23.75,23,23.75,14030000,0.0106
1592,2018-10-22,23.75,24.5,23.5,23.75,6410000,0.0000
1593,2018-10-23,24,24,23.25,23.75,4290000,0.0000
1594,2018-10-24,23.75,23.75,23.25,23.5,3620000,-0.0105
1595,2018-10-25,23.75,23.75,23.25,23.5,9830000,0.0000
1596,2018-10-26,23.75,23.75,23.5,23.5,6970000,0.0000
1597,2018-10-29,23.5,24,23.5,23.5,9430000,0.0000
1598,2018-10-30,23.75,24,23.25,23.5,22060000,0.0000
1599,2018-10-31,24,24,23.25,23.25,4660000,-0.0106
1600,2018-11-1,23.75,23.75,23,23.5,47500000,0.0108
1601,2018-11-2,23.75,25,23.75,24.5,4150000,0.0426
1602,2018-11-5,24.5,24.5,23,23.75,4710000,-0.0306
1603,2018-11-6,23.5,24,22.5,22.5,5450000,-0.0526
1604,2018-11-7,23,23.5,22.5,22.75,8630000,0.0111
1605,2018-11-8,23.25,23.75,23.25,23.25,9480000,0.0220
1606,2018-11-9,23.75,24.75,23.5,24.25,10310000,0.0430
1607,2018-11-12,24,24.5,23.75,24.25,10300000,0.0000
1608,2018-11-13,24.25,24.5,24,24.25,12010000,0.0000
1609,2018-11-14,24.5,24.5,23.75,24,8870000,-0.0103
1610,2018-11-15,24,24,23.5,23.75,15070000,-0.0104
1611,2018-11-16,24,24.25,23.5,23.75,7080000,0.0000
1612,2018-11-19,23.75,24,23.5,23.5,2170000,-0.0105
1613,2018-11-20,23.75,24,23.5,23.5,4660000,0.0000
1614,2018-11-21,23.5,24,23.5,23.75,7000000,0.0106
1615,2018-11-22,23.75,24,23.75,23.75,683000,0.0000
1616,2018-11-23,24,24,23.75,23.75,2450000,0.0000
1617,2018-11-26,23.75,24,23.6,23.8,10790000,0.0021
1618,2018-11-27,24,24,23.75,23.8,27430000,0.0000
1619,2018-11-28,24,24,23.75,23.8,16750000,0.0000
1620,2018-11-29,24,24,23.5,23.75,10760000,-0.0021
1621,2018-11-30,23.75,23.85,23.65,23.75,15240000,0.0000
1622,2018-12-3,23.75,23.8,23.55,23.75,2720000,0.0000
1623,2018-12-4,23.75,23.75,23.5,23.6,3490000,-0.0063
1624,2018-12-5,23.5,23.75,23.5,23.65,1770000,0.0021
1625,2018-12-6,23.5,23.6,23.3,23.4,4440000,-0.0106
1626,2018-12-7,23.4,23.4,22.8,23,12990000,-0.0171
1627,2018-12-10,23,23,22.6,22.65,13200000,-0.0152
1628,2018-12-11,23,23,21.9,22.05,21140000,-0.0265
1629,2018-12-13,23,23,21.9,22.15,22200000,0.0045
1630,2018-12-14,22.25,23.25,22.25,22.9,29990000,0.0339
1631,2018-12-17,22.95,23.25,22.5,23,6180000,0.0044
1632,2018-12-18,23,23.1,22.8,23,17100000,0.0000
1633,2018-12-19,23,23.05,22.5,22.9,8360000,-0.0043
1634,2018-12-20,22.9,22.9,22.35,22.45,19300000,-0.0197
1635,2018-12-21,22.3,23.25,22.2,22.3,5640000,-0.0067
1636,2018-12-24,22.55,23.5,22.5,22.6,730100,0.0135
1637,2018-12-27,23,23,22.55,22.6,1780000,0.0000
1638,2018-12-28,23,23,22.8,22.85,1270000,0.0111
1639,2018-12-31,22.8,22.8,22.1,22.2,3680000,-0.0284
1640,2019-1-2,23,23,22.2,22.25,1780000,0.0023
1641,2019-1-3,22.25,22.5,21.8,22.15,12260000,-0.0045
1642,2019-1-4,22,22,21,21.3,2210000,-0.0384
1643,2019-1-7,21.3,21.8,21.3,21.45,6280000,0.0070
1644,2019-1-8,21.8,22.2,21.5,22,1530000,0.0256
1645,2019-1-9,22.2,22.75,22.15,22.3,21760000,0.0136
1646,2019-1-10,22.4,24,22.4,23,24910000,0.0314
1647,2019-1-11,23,23.75,22.8,23.4,4880000,0.0174
1648,2019-1-14,23.6,23.65,23.25,23.5,22010000,0.0043
1649,2019-1-15,23.5,23.8,23.5,23.5,21630000,0.0000
1650,2019-1-16,23.8,24.3,23.7,23.8,14060000,0.0128
1651,2019-1-17,23.9,24,23.55,23.75,5580000,-0.0021
1652,2019-1-18,23.75,23.95,23.5,23.7,28010000,-0.0021
1653,2019-1-21,23.7,23.7,23.05,23.5,20870000,-0.0084
1654,2019-1-22,23.5,23.5,23.05,23.3,3850000,-0.0085
1655,2019-1-23,23.3,23.45,23.05,23.25,2770000,-0.0021
1656,2019-1-24,23.2,23.4,23.05,23.2,4050000,-0.0022
1657,2019-1-25,23.45,23.65,23.15,23.45,14280000,0.0108
1658,2019-1-28,23.5,23.75,23.35,23.45,23040000,0.0000
1659,2019-1-29,23.5,23.6,23.05,23.45,7800000,0.0000
1660,2019-1-30,23.5,24,23.4,23.7,12470000,0.0107
1661,2019-1-31,23.6,24.5,23.6,23.85,61100000,0.0063
1662,2019-2-1,24,25.6,24,25.5,14810000,0.0692
1663,2019-2-4,25.5,26.25,25.5,26,10610000,0.0196
1664,2019-2-5,26.15,27,26.1,26.5,20160000,0.0192
1665,2019-2-6,26.55,27.2,26.5,26.9,19640000,0.0151
1666,2019-2-7,27,27.1,26.9,27.05,12460000,0.0056
1667,2019-2-8,27,27,26.5,26.85,22910000,-0.0074
1668,2019-2-11,26.85,26.95,26.5,26.8,12200000,-0.0019
1669,2019-2-12,27,27,26.8,26.9,7060000,0.0037
1670,2019-2-13,26.9,27,26.05,26.9,5820000,0.0000
1671,2019-2-14,26.85,26.85,25.95,26.45,12160000,-0.0167
1672,2019-2-15,27,27,26,26.1,1610000,-0.0132
1673,2019-2-18,26,26.9,25.9,26.05,10590000,-0.0019
1674,2019-2-19,26.1,26.5,26,26.15,2410000,0.0038
1675,2019-2-20,26.05,26.5,26.05,26.15,2630000,0.0000
1676,2019-2-21,26.1,26.15,26,26,9920000,-0.0057
1677,2019-2-22,26.05,26.2,26,26.05,5420000,0.0019
1678,2019-2-25,26.15,26.7,26.15,26.5,4930000,0.0173
1679,2019-2-26,26.5,26.65,26.3,26.6,3380000,0.0038
1680,2019-2-27,26.6,26.7,26.3,26.55,4050000,-0.0019
1681,2019-2-28,26.5,26.5,25.95,26,13900000,-0.0207
1682,2019-3-1,26,26.5,26,26.1,9110000,0.0038
1683,2019-3-4,26.5,26.55,26.05,26.45,3350000,0.0134
1684,2019-3-5,26.5,26.55,26.3,26.5,4230000,0.0019
1685,2019-3-6,26.55,26.75,26.4,26.6,5450000,0.0038
1686,2019-3-7,26.6,27,26.6,26.8,2960000,0.0075
1687,2019-3-8,26.9,27.45,26.8,27,16000000,0.0075
1688,2019-3-11,27,27,26.75,26.9,2080000,-0.0037
1689,2019-3-12,27,27,26.7,26.9,4070000,0.0000
1690,2019-3-13,26.85,27,26.5,26.75,13640000,-0.0056
1691,2019-3-14,27,27.1,26.75,27,7630000,0.0093
1692,2019-3-15,27,28.1,26.8,27.75,9910000,0.0278
1693,2019-3-18,27.6,28.75,27.5,28.5,12840000,0.0270
1694,2019-3-19,28.5,28.5,27.6,28,19000000,-0.0175
1695,2019-3-20,28,28.75,28,28.55,3770000,0.0196
1696,2019-3-21,30,30,28.3,28.65,7730000,0.0035
1697,2019-3-22,28.65,28.65,28,28.15,6940000,-0.0175
1698,2019-3-25,28.15,28.2,27.5,27.95,22980000,-0.0071
1699,2019-3-26,27.95,27.95,27.2,27.6,17530000,-0.0125
1700,2019-3-27,27.5,27.75,26.95,27.25,8520000,-0.0127
1701,2019-3-28,27,27.25,27,27.1,1940000,-0.0055
1702,2019-3-29,27,27.7,27,27.55,5200000,0.0166
1703,2019-4-1,27.7,28.1,27.6,27.9,8470000,0.0127
1704,2019-4-2,28,28.5,28,28.1,12060000,0.0072
1705,2019-4-3,28,28.2,28,28.1,2480000,0.0000
1706,2019-4-4,28.15,28.2,28,28.05,3200000,-0.0018
1707,2019-4-5,28,28.1,27.65,28,11070000,-0.0018
1708,2019-4-8,27.85,28,27.65,28,15720000,0.0000
1709,2019-4-9,28,28,27.6,27.85,10030000,-0.0054
1710,2019-4-10,27.9,28,27.65,27.75,10070000,-0.0036
1711,2019-4-11,27.8,27.8,27.6,27.7,3310000,-0.0018
1712,2019-4-12,27.75,27.75,27.05,27.5,6690000,-0.0072
1713,2019-4-15,27.2,27.5,27.05,27.3,1270000,-0.0073
1714,2019-4-16,27.3,27.75,27.3,27.5,7260000,0.0073
1715,2019-4-17,27.6,28,27.6,27.85,2210000,0.0127
1716,2019-4-18,27.8,28,27.65,27.85,1770000,0.0000
1717,2019-4-23,28,28,27.65,27.95,4290000,0.0036
1718,2019-4-24,27.85,28.1,27.85,28,8050000,0.0018
1719,2019-4-25,28,28.1,27.9,27.95,14340000,-0.0018
1720,2019-4-26,27.85,28,27.85,27.95,2880000,0.0000
1721,2019-4-29,28.5,28.5,27.85,28,3260000,0.0018
1722,2019-4-30,28.2,28.6,28.1,28.15,2690000,0.0054
1723,2019-5-2,28.25,30,28.25,29.55,7890000,0.0497
1724,2019-5-3,29.8,30,28.35,29.25,4960000,-0.0102
1725,2019-5-6,29,29,28.5,28.65,2750000,-0.0205
1726,2019-5-7,29.5,29.5,28.2,28.6,4350000,-0.0017
1727,2019-5-8,29,29,28,28.15,3400000,-0.0157
1728,2019-5-9,28.3,28.3,27.8,27.95,5290000,-0.0071
1729,2019-5-10,27.9,27.9,27.2,27.45,3580000,-0.0179
1730,2019-5-13,28,28,27,27.2,8460000,-0.0091
1731,2019-5-14,27.2,27.2,26.1,26.4,8460000,-0.0294
1732,2019-5-15,27.2,27.2,26.35,26.7,9710000,0.0114
1733,2019-5-16,26.7,26.7,26.05,26.25,6430000,-0.0169
1734,2019-5-17,26.2,26.6,26.05,26.15,12300000,-0.0038
1735,2019-5-20,26.05,26.5,26.05,26.2,5780000,0.0019
1736,2019-5-21,26.25,26.5,26,26.35,8350000,0.0057
1737,2019-5-22,26.05,27,26.05,26.1,13510000,-0.0095
1738,2019-5-23,26.15,26.25,26.05,26.15,640200,0.0019
1739,2019-5-24,26.3,27,26.2,26.45,12180000,0.0115
1740,2019-5-27,26.5,27,26.5,26.8,889200,0.0132
1741,2019-5-28,26.95,28.65,26.9,28.35,28200000,0.0578
1742,2019-5-29,28.1,28.3,27.8,28,17190000,-0.0123
1743,2019-5-30,27.8,27.8,27.4,27.65,11920000,-0.0125
1744,2019-5-31,27.65,27.65,27,27.45,7500000,-0.0072
1745,2019-6-3,27.4,27.8,27.4,27.65,1890000,0.0073
1746,2019-6-4,27.65,27.8,27.6,27.7,6880000,0.0018
1747,2019-6-6,27.7,28,27.65,27.7,8480000,0.0000
1748,2019-6-7,27.9,27.9,27.1,27.4,1780000,-0.0108
1749,2019-6-10,27.1,27.6,27.05,27.45,1330000,0.0018
1750,2019-6-11,27.5,27.7,27.2,27.55,1710000,0.0036
1751,2019-6-12,27.6,27.65,27.3,27.5,22670000,-0.0018
1752,2019-6-13,27.5,27.7,27.1,27.35,22560000,-0.0055
1753,2019-6-14,27.5,27.5,27.05,27.2,5300000,-0.0055
